header,urlStub,location,price,cashFlow,ebitda
"Turnkey, High-Growth RCFE Opportunity",https://www.bizbuysell.com/business-real-estate-for-sale/turnkey-high-growth-rcfe-opportunity/2419202/,"Fresno County, CA",3500000.0,,
Newly Renovated Card Laundromat With Property For Sale,https://www.bizbuysell.com/business-real-estate-for-sale/newly-renovated-card-laundromat-with-property-for-sale/2419141/,"Bronx County, NY",2999999.0,,
Two commercial properties for sale,https://www.bizbuysell.com/business-real-estate-for-sale/two-commercial-properties-for-sale/2419121/,"Coos County, OR",375000.0,,
Wonderful Food business opportunity along with a nice Strip Center,https://www.bizbuysell.com/business-real-estate-for-sale/wonderful-food-business-opportunity-along-with-a-nice-strip-center/2419100/,"Washington, DC",2500000.0,,
"Lcbo, Beer & Convenience For Sale With Property Near Kitchener",https://www.bizbuysell.com/business-real-estate-for-sale/lcbo-beer-and-convenience-for-sale-with-property-near-kitchener/2419056/,"Kitchener, ON",1300000.0,,
,,,,,
Major Franchise Gas Station W/Property,https://www.bizbuysell.com/business-real-estate-for-sale/major-franchise-gas-station-w-property/2418847/,"Sacramento, CA",5000000.0,,
Beloved Longstanding Independent Coffeehouse & Café  - With Property!,https://www.bizbuysell.com/business-real-estate-for-sale/beloved-longstanding-independent-coffeehouse-and-cafe-with-property/2418834/,"Cook County, IL",699000.0,,
Vinni's Listing - Brand New Turnkey Car Wash with Real Estate!,https://www.bizbuysell.com/business-real-estate-for-sale/vinnis-listing-brand-new-turnkey-car-wash-with-real-estate/2418647/,"Glendale, AZ",6790000.0,,
Self Service & Full Service Tunnel Car Wash in North Port Florida,https://www.bizbuysell.com/business-real-estate-for-sale/self-service-and-full-service-tunnel-car-wash-in-north-port-florida/2416545/,"North Port, FL",1049995.0,,
Salon Business and Real Estate Sarasota,https://www.bizbuysell.com/business-real-estate-for-sale/salon-business-and-real-estate-sarasota/2363165/,"Sarasota County, FL",799999.0,,
Lapels Dry Cleaning,/franchise-for-sale/lapels-dry-cleaning/,Available Nationwide,125000.0,,
Step Into Success with a Preschool Franchise That Parents Already Trus,https://www.bizbuysell.com/start-up-business/step-into-success-with-a-preschool-franchise-that-parents-already-trus/2418751/,,,,
"Cafe For Sale Inside Popular Gym - Low Rent, High Traffic Area",https://www.bizbuysell.com/start-up-business/cafe-for-sale-inside-popular-gym-low-rent-high-traffic-area/2320611/,,,,
Own an exclusive Virgin Territory License in the home services sector,https://www.bizbuysell.com/start-up-business/own-an-exclusive-virgin-territory-license-in-the-home-services-sector/2418511/,,,,
Quick-Start Tool Rental Business Opportunity - High Growth Potential,https://www.bizbuysell.com/start-up-business/quick-start-tool-rental-business-opportunity-high-growth-potential/2417668/,,,,
Profitable Insulation Contractor with Room to Expand Territory,https://www.bizbuysell.com/business-opportunity/profitable-insulation-contractor-with-room-to-expand-territory/2419361/,"Fort Worth, TX",720000.0,250000.0,
North-West suburbs Auto Repair Shop for sale,https://www.bizbuysell.com/business-opportunity/north-west-suburbs-auto-repair-shop-for-sale/2419355/,"Cook County, IL",1800000.0,,
Easy operating business,https://www.bizbuysell.com/business-opportunity/easy-operating-business/2419354/,"Los Angeles, CA",550000.0,180000.0,
4Turnkey Regenerative Clinics + Expansion Rights +Big Growth Potential,https://www.bizbuysell.com/business-opportunity/4turnkey-regenerative-clinics-expansion-rights-big-growth-potential/2419349/,"Maplewood, MN",125000.0,51000.0,
Insulation Company Aligned with Eco-Friendly and Green Builders,https://www.bizbuysell.com/business-opportunity/insulation-company-aligned-with-eco-friendly-and-green-builders/2419348/,"San Antonio, TX",695000.0,235000.0,
Fully Equipped Insulation Company Ready for New Ownership,https://www.bizbuysell.com/business-opportunity/fully-equipped-insulation-company-ready-for-new-ownership/2419347/,"Round Rock, TX",635000.0,210000.0,
Branded Gas Station - Absentee Ran GREAT LOCATION,https://www.bizbuysell.com/business-opportunity/branded-gas-station-absentee-ran-great-location/2419343/,"Bronx, NY",375000.0,150000.0,
Acclaimed Interior Architectural and Design Firm,https://www.bizbuysell.com/business-opportunity/acclaimed-interior-architectural-and-design-firm/2419342/,,,,949610.0
"$125,000 Home Health Agency in the Dallas/North Texas Area-Region 3",https://www.bizbuysell.com/business-opportunity/125-000-home-health-agency-in-the-dallas-north-texas-area-region-3/2419340/,"Dallas, TX",125000.0,,
Thriving Central Grocery & Café for Sale – Top 3,https://www.bizbuysell.com/business-opportunity/thriving-central-grocery-and-cafe-for-sale-top-3/2419339/,Michigan,850000.0,,
Bio-One,/franchise-for-sale/bio-one/,Available Nationwide,150000.0,,
"Electrical Commercial Contractor-Middle TENN-Large, Growing,Profitable",https://www.bizbuysell.com/business-opportunity/electrical-commercial-contractor-middle-tenn-large-growing-profitable/2419338/,Tennessee,3790000.0,1100000.0,
Niche Manufacturing Business for Sale,https://www.bizbuysell.com/business-opportunity/niche-manufacturing-business-for-sale/2419336/,"Mohave County, AZ",229000.0,59000.0,59000.0
Start Your Own Cleaning Business for Just $500/Month – Proven System!,https://www.bizbuysell.com/start-up-business/start-your-own-cleaning-business-for-just-500-month-proven-system/2417363/,,,,
"Successful, long and well established Staffing Agency",https://www.bizbuysell.com/business-opportunity/successful-long-and-well-established-staffing-agency/2419332/,"Monmouth County, NJ",2250000.0,645701.0,
Established Bookkeeping & Payroll Practice – Growth Opportunity,https://www.bizbuysell.com/business-opportunity/established-bookkeeping-and-payroll-practice-growth-opportunity/2419328/,New York,165000.0,65207.0,
,https://www.bizbuysell.com/business-broker/carl-pallini/tri-state-business-authority/13341/,"Pike County, PA",,,
Utz & Bachman Route (6182),https://www.bizbuysell.com/business-opportunity/utz-and-bachman-route-6182/2419325/,"Long Beach, NY",365000.0,,
Women-Owned E-Commerce Shower Bomb Business,https://www.bizbuysell.com/business-opportunity/women-owned-e-commerce-shower-bomb-business/2419322/,Virginia,1400000.0,306010.0,
Established & Profitable Home Remodeling & Design Business,https://www.bizbuysell.com/business-opportunity/established-and-profitable-home-remodeling-and-design-business/2419321/,"Wilmington, NC",1200000.0,342332.0,
Broomfield Liquor Store with Older License. Buy Multiple Stores!,https://www.bizbuysell.com/business-opportunity/broomfield-liquor-store-with-older-license-buy-multiple-stores/2419319/,"Broomfield, CO",50000.0,21600.0,21600.0
"Des Moines, Iowa Med Spa for Sale (#2135)",https://www.bizbuysell.com/business-opportunity/des-moines-iowa-med-spa-for-sale-2135/2419318/,"West Des Moines, IA",,,504000.0
Bloomin' Blinds,/franchise-for-sale/bloomin-blinds/,Available in Multiple Locations,125000.0,,
No brand gas station,https://www.bizbuysell.com/business-opportunity/no-brand-gas-station/2419316/,"New Haven County, CT",40000.0,32820.0,
5+ Yr Old Amazon/Shopify Tools Brand | YoY Growth,https://www.bizbuysell.com/business-opportunity/5-yr-old-amazon-shopify-tools-brand-yoy-growth/2419315/,,1663000.0,576221.0,
Texas’s Most Followed Wedding Venue (200k+ Followers)(RE Included),https://www.bizbuysell.com/business-opportunity/texass-most-followed-wedding-venue-200k-followers-re-included/2419314/,"Kaufman County, TX",3000000.0,350000.0,
Westminster Liquor Store $1MM rev. Family Run Operation!,https://www.bizbuysell.com/business-opportunity/westminster-liquor-store-1mm-rev-family-run-operation/2419313/,"Westminster, CO",300000.0,96450.0,96450.0
TURNKEY Liquor Store in Ely NV,https://www.bizbuysell.com/business-opportunity/turnkey-liquor-store-in-ely-nv/2419311/,"Ely, NV",1090000.0,338577.0,
Fire Sale – Owner Absentee Restaurant For Sale On The North Shore!,https://www.bizbuysell.com/business-opportunity/fire-sale-owner-absentee-restaurant-for-sale-on-the-north-shore/2419310/,"Suffolk County, NY",300000.0,360000.0,
Thriving Pilates Studio with Client Loyalty,https://www.bizbuysell.com/business-opportunity/thriving-pilates-studio-with-client-loyalty/2419294/,Texas,275000.0,72801.0,
North Dallas Auto Repair,https://www.bizbuysell.com/business-opportunity/north-dallas-auto-repair/2419290/,"Richardson, TX",450000.0,140000.0,
Texas Landscaping & Masonry Design Business For Sale,https://www.bizbuysell.com/business-opportunity/texas-landscaping-and-masonry-design-business-for-sale/2419286/,"Bexar County, TX",800000.0,253000.0,
Lawn Doctor,/franchise-for-sale/lawn-doctor-home-services-franchise/,Available in Multiple Locations,60000.0,,
"Little River County, Arkansas, Veterinary Practice + Real Estate",https://www.bizbuysell.com/business-opportunity/little-river-county-arkansas-veterinary-practice-real-estate/2419285/,"Little River County, AR",430000.0,192062.0,122062.0
Yuma AZ CPA Practice for Sale,https://www.bizbuysell.com/business-opportunity/yuma-az-cpa-practice-for-sale/2419276/,"Yuma County, AZ",240000.0,192000.0,
Neighborhood B&W bar,https://www.bizbuysell.com/business-opportunity/neighborhood-bandw-bar/2419275/,"Lemon Grove, CA",50000.0,,
Turnkey Restaurant Space – Prime Location,https://www.bizbuysell.com/business-opportunity/turnkey-restaurant-space-prime-location/2419273/,"Harris County, TX",50000.0,,
Griffin Waste Services,/franchise-for-sale/griffin-waste-services/,Available in Multiple Locations,100000.0,,
Seasonal Holiday Lighting Business,https://www.bizbuysell.com/business-opportunity/seasonal-holiday-lighting-business/2419272/,"Livingston County, MI",175000.0,70102.0,
Dallas Area Auto Repair,https://www.bizbuysell.com/business-opportunity/dallas-area-auto-repair/2419271/,"Hutchins, TX",325000.0,115000.0,
Styling the Money – A Premier Barber Shop Opportunity,https://www.bizbuysell.com/business-opportunity/styling-the-money-a-premier-barber-shop-opportunity/2419269/,"Columbia County, GA",300000.0,106628.0,
"Franchise Medspa – High-End, High-Traffic Location in Albuquerque",https://www.bizbuysell.com/business-opportunity/franchise-medspa-high-end-high-traffic-location-in-albuquerque/2419260/,"Albuquerque, NM",299900.0,,
Northwest Montana CPA Practice,https://www.bizbuysell.com/business-opportunity/northwest-montana-cpa-practice/2419259/,Montana,1390000.0,,
"Foot of the Mountain Motel in Boulder, CO",https://www.bizbuysell.com/business-opportunity/foot-of-the-mountain-motel-in-boulder-co/2419250/,"Boulder, CO",6495000.0,,
Public Works Infrastructure Contractor,https://www.bizbuysell.com/business-opportunity/public-works-infrastructure-contractor/2419246/,,,,1670816.0
,https://www.bizbuysell.com/business-broker/nicky-franklin/the-franklin-group/41107/,"New York County, NY",,,
Established Direct Mail & Printing Business – Cape Cod,https://www.bizbuysell.com/business-opportunity/established-direct-mail-and-printing-business-cape-cod/2419240/,"Hyannis, MA",115000.0,,
Newly remodeled Store In Gwinnett Co. Open COAM,https://www.bizbuysell.com/business-opportunity/newly-remodeled-store-in-gwinnett-co-open-coam/2419239/,"Gwinnett County, GA",175000.0,,
Signarama,/franchise-for-sale/signarama-business-opportunity-franchise/,Available Nationwide,60000.0,,
Established and Highly Profitable Franchise Restaurant,https://www.bizbuysell.com/business-opportunity/established-and-highly-profitable-franchise-restaurant/2419236/,"Greensboro, NC",1350000.0,,340000.0
Newly remodeled Store In Dekalb Co. Open COAM,https://www.bizbuysell.com/business-opportunity/newly-remodeled-store-in-dekalb-co-open-coam/2419235/,"DeKalb County, GA",275000.0,,
Artisanal French Pastry and Confection Retailer and Manufacturer,https://www.bizbuysell.com/business-opportunity/artisanal-french-pastry-and-confection-retailer-and-manufacturer/2419227/,,,,575147.0
"Federal Way, WA CPA Practice for Sale",https://www.bizbuysell.com/business-opportunity/federal-way-wa-cpa-practice-for-sale/2419222/,"King County, WA",250000.0,81400.0,
Established Residential Care Facility (RCFE)- Licensed for 6 in Azusa,https://www.bizbuysell.com/business-opportunity/established-residential-care-facility-rcfe-licensed-for-6-in-azusa/2419219/,"Azusa, CA",800000.0,,
Environmental & Infrastructure Services Provider - Government Agencies,https://www.bizbuysell.com/business-opportunity/environmental-and-infrastructure-services-provider-government-agencies/2419218/,Florida,,,861000.0
Established Ontario Towing Company with Prime Contracts,https://www.bizbuysell.com/business-opportunity/established-ontario-towing-company-with-prime-contracts/2419216/,"Eastern Ontario, ON",425000.0,99000.0,
Profitable Prime Location Full-Service Restaurant & Bar MRB VA 1630,https://www.bizbuysell.com/business-opportunity/profitable-prime-location-full-service-restaurant-and-bar-mrb-va-1630/2419208/,"Arlington, VA",499000.0,264000.0,
Southwest Houston  Area Pharmacy $140k,https://www.bizbuysell.com/business-opportunity/southwest-houston-area-pharmacy-140k/2419198/,"Sugar Land, TX",140000.0,,
BeeHive Homes,/franchise-for-sale/beehive-homes/,Available in Multiple Locations,300000.0,,
Beloved Neighborhood Diner- 40+ Years of Community Comfort Food,https://www.bizbuysell.com/business-opportunity/beloved-neighborhood-diner-40-years-of-community-comfort-food/2419196/,"Cuyahoga County, OH",299000.0,140838.0,
(Under Contract) Locksmith Business in a High-Demand Industry,https://www.bizbuysell.com/business-opportunity/under-contract-locksmith-business-in-a-high-demand-industry/2419193/,"Maricopa County, AZ",125000.0,45000.0,
Beauty Spa Franchise and 2 Stores in South Bay,https://www.bizbuysell.com/business-opportunity/beauty-spa-franchise-and-2-stores-in-south-bay/2419191/,"Cupertino, CA",3500000.0,1012927.0,
Specialty Crystals & Home Decor Retail Store,https://www.bizbuysell.com/business-opportunity/specialty-crystals-and-home-decor-retail-store/2419187/,"Miami, FL",300000.0,,
Well Established Dry Cleaning Whole Sale Plant w Property for Sale,https://www.bizbuysell.com/business-opportunity/well-established-dry-cleaning-whole-sale-plant-w-property-for-sale/2419184/,"Fairfax, VA",3700000.0,,
Cash Flow Strong Electrical Manufacturer’s Representative,https://www.bizbuysell.com/business-opportunity/cash-flow-strong-electrical-manufacturers-representative/2419179/,,1810000.0,560000.0,
"Silverton, OR CPA Practice for Sale",https://www.bizbuysell.com/business-opportunity/silverton-or-cpa-practice-for-sale/2419178/,"Marion County, OR",1000000.0,519942.0,
2 Dedicated FedEx Solo Linehaul,https://www.bizbuysell.com/business-opportunity/2-dedicated-fedex-solo-linehaul/2419173/,"Birmingham, AL",850000.0,200672.0,200672.0
Unionized Drilling Services Company,https://www.bizbuysell.com/business-opportunity/unionized-drilling-services-company/2419172/,Ontario,3995000.0,1243000.0,864000.0
Unionized Drilling Services Company,https://www.bizbuysell.com/business-opportunity/unionized-drilling-services-company/2419171/,Ontario,3995000.0,1243000.0,864000.0
Healthy Smart Mart™,/franchise-for-sale/healthy-smart-mart/,Available Nationwide,23000.0,,
"Delicious, Mouthwatering Delis Fairfax, VA Asking Price: $1,000,000",https://www.bizbuysell.com/business-opportunity/delicious-mouthwatering-delis-fairfax-va-asking-price-1-000-000/2419166/,"Annandale, VA",1000000.0,390000.0,
Established St. Louis Truck Repair Biz w/Land For Sale!,https://www.bizbuysell.com/business-opportunity/established-st-louis-truck-repair-biz-w-land-for-sale/2419157/,"Saint Louis, MO",3000000.0,,
Profitable HVAC Business – 30+ Years in Western Wisconsin | $2M Asking,https://www.bizbuysell.com/business-opportunity/profitable-hvac-business-30-years-in-western-wisconsin-2m-asking/2419154/,Wisconsin,2000000.0,481849.0,
High Volume Laundromat in Bronx for Sale,https://www.bizbuysell.com/business-opportunity/high-volume-laundromat-in-bronx-for-sale/2419153/,"Bronx, NY",1250000.0,221000.0,
Cash Flow Rich Communications and Advertising Agency,https://www.bizbuysell.com/business-opportunity/cash-flow-rich-communications-and-advertising-agency/2419151/,Maryland,2900000.0,950000.0,
Executive Franchise Opportunity – Help Business Owners Exit - Portland,https://www.bizbuysell.com/business-opportunity/executive-franchise-opportunity-help-business-owners-exit-portland/2419147/,"Portland, OR",54000.0,,
Turnkey Opportunity: Established Truck Repair Biz with Property!,https://www.bizbuysell.com/business-opportunity/turnkey-opportunity-established-truck-repair-biz-with-property/2419143/,"Marion, IL",3000000.0,62240.0,
SG 11188 Ohio Cleveland W 25th Convenience Store Food Mart,https://www.bizbuysell.com/business-opportunity/sg-11188-ohio-cleveland-w-25th-convenience-store-food-mart/2419138/,"Cuyahoga County, OH",350000.0,215000.0,
Healthcare-Focused Architectural Firm,https://www.bizbuysell.com/business-opportunity/healthcare-focused-architectural-firm/2419135/,,,,4138000.0
D1 Training,/franchise-for-sale/d1-training/,Available Nationwide,250000.0,,
40 Year Successful Landscaping Business with Commercial Contracts,https://www.bizbuysell.com/business-opportunity/40-year-successful-landscaping-business-with-commercial-contracts/2419134/,Illinois,1299000.0,265000.0,
Profitable Laundromat with 60+ Machines – No Nearby Competition,https://www.bizbuysell.com/business-opportunity/profitable-laundromat-with-60-machines-no-nearby-competition/2419128/,"South Plainfield, NJ",800000.0,160000.0,
NJ Acquisition Opportunity - Commercial Pool Services Company,https://www.bizbuysell.com/business-opportunity/nj-acquisition-opportunity-commercial-pool-services-company/2419127/,"Mercer County, NJ",,440000.0,
Profitable Children’s Daycare Center for Sale – Lower Manhattan,https://www.bizbuysell.com/business-opportunity/profitable-childrens-daycare-center-for-sale-lower-manhattan/2419125/,"New York, NY",425000.0,267000.0,
Well-Known Beer Tourism Business in Colorado,https://www.bizbuysell.com/business-opportunity/well-known-beer-tourism-business-in-colorado/2419124/,"Denver, CO",350000.0,,
Pizza Business for Sale in Davie Florida!,https://www.bizbuysell.com/business-opportunity/pizza-business-for-sale-in-davie-florida/2419117/,"Pembroke Pines, FL",120000.0,0.0,
"Residential Roof, Siding, Gutter, and Window Reparation Company",https://www.bizbuysell.com/business-opportunity/residential-roof-siding-gutter-and-window-reparation-company/2419113/,,,,3475000.0
"Sandy Springs Bar & Hookah Lounge – $1M+ Sales, Prime Location",https://www.bizbuysell.com/business-opportunity/sandy-springs-bar-and-hookah-lounge-1m-sales-prime-location/2419107/,"Sandy Spgs, GA",525000.0,200000.0,
Liquor store in DC with high potential,https://www.bizbuysell.com/business-opportunity/liquor-store-in-dc-with-high-potential/2419106/,"Washington, DC",550000.0,,
Metal Supermarkets,/franchise-for-sale/metal-supermarkets/,Available in Multiple Locations,125000.0,,
"To-Go Restaurant / Café Space for Sale – Capitol Hill, Seattle",https://www.bizbuysell.com/business-opportunity/to-go-restaurant-cafe-space-for-sale-capitol-hill-seattle/2419102/,"Seattle, WA",120000.0,,
Turnkey Supermarket In Manhattan For Sale,https://www.bizbuysell.com/business-opportunity/turnkey-supermarket-in-manhattan-for-sale/2419098/,"Manhattan, NY",600000.0,180000.0,
Turnkey Restaurant for Sale - Prime Location,https://www.bizbuysell.com/business-opportunity/turnkey-restaurant-for-sale-prime-location/2419096/,"Nashua, NH",875000.0,,
Turnkey Established Pharmacy with All Insurance Companies and Licenses,https://www.bizbuysell.com/business-opportunity/turnkey-established-pharmacy-with-all-insurance-companies-and-licenses/2419094/,"Orange County, FL",250000.0,,
Uptown Cheapskate,/franchise-for-sale/uptown-cheapskate-business-and-opportunities/,Available Nationwide,100000.0,,
"26 Yr Environmental Engineering Co; High-Demand, Solid Clientele!",https://www.bizbuysell.com/business-opportunity/26-yr-environmental-engineering-co-high-demand-solid-clientele/2419092/,"Davis County, UT",350000.0,218500.0,
"21 Years Online Craft Supplier Market Leader for sale in Austin, TX",https://www.bizbuysell.com/business-opportunity/21-years-online-craft-supplier-market-leader-for-sale-in-austin-tx/2419091/,"Austin, TX",900000.0,287246.0,
Recycling Salvage Business,https://www.bizbuysell.com/business-opportunity/recycling-salvage-business/2419089/,"Martin County, FL",15164500.0,343629.0,343629.0
Two Absentee Laundromats,https://www.bizbuysell.com/business-opportunity/two-absentee-laundromats/2419087/,"Middlesex County, MA",429000.0,85000.0,
Auto Parts and Vehicle Maintenance- 42569 Must be Relocated Upon Close,https://www.bizbuysell.com/business-opportunity/auto-parts-and-vehicle-maintenance-42569-must-be-relocated-upon-close/2419086/,"Orlando, FL",100000.0,148821.0,
Bright & Modern Wellness Retail + Spa Opportunity,https://www.bizbuysell.com/business-opportunity/bright-and-modern-wellness-retail-spa-opportunity/2419085/,District of Columbia,295000.0,88000.0,
Established CPA Firm with Succession Opportunity in North Carolina!,https://www.bizbuysell.com/business-opportunity/established-cpa-firm-with-succession-opportunity-in-north-carolina/2419081/,North Carolina,1000000.0,,
Wholesale Distributor of Lighting Products,https://www.bizbuysell.com/business-opportunity/wholesale-distributor-of-lighting-products/2419076/,,,,3013488.0
Home Maintenance Services Business,https://www.bizbuysell.com/business-opportunity/home-maintenance-services-business/2419075/,"Goodland, KS",500000.0,,
CareBuilders at Home,/franchise-for-sale/carebuilders-at-home/,Available in Multiple Locations,75000.0,,
Fire Sale – Owner Absentee Restaurant For Sale On The North Shore!,https://www.bizbuysell.com/business-opportunity/fire-sale-owner-absentee-restaurant-for-sale-on-the-north-shore/2419074/,"Elwood, NY",300000.0,360000.0,
Established CPA Firm with Strong Tax Expertise in West Denver Metro,https://www.bizbuysell.com/business-opportunity/established-cpa-firm-with-strong-tax-expertise-in-west-denver-metro/2419071/,Colorado,1250000.0,,
8+ Y/O Online Secondary Ticket Marketplace,https://www.bizbuysell.com/business-opportunity/8-y-o-online-secondary-ticket-marketplace/2419070/,Estonia,12250000.0,825534.0,
Medical Practice for Sale – Primary Care & Walk-In Clinic,https://www.bizbuysell.com/business-opportunity/medical-practice-for-sale-primary-care-and-walk-in-clinic/2419068/,"Lake County, FL",345000.0,,
Super Unique Thai Ice Cream Bubble Tea Sensation,https://www.bizbuysell.com/business-opportunity/super-unique-thai-ice-cream-bubble-tea-sensation/2419065/,"Hartford County, CT",79000.0,,
High Volume Shawarma/ Mediterranean Restaurant For Sale -,https://www.bizbuysell.com/business-opportunity/high-volume-shawarma-mediterranean-restaurant-for-sale/2419063/,"London, ON",999000.0,300000.0,
IT Firm with Long Term Government Clients and Diversified Revenue,https://www.bizbuysell.com/business-opportunity/it-firm-with-long-term-government-clients-and-diversified-revenue/2419052/,"Norfolk County, MA",1800000.0,537351.0,
5+ Y/O Global Leader in Music Education Technology Mobile Apps,https://www.bizbuysell.com/business-opportunity/5-y-o-global-leader-in-music-education-technology-mobile-apps/2419050/,Belgium,3570000.0,114000.0,
Marina & Powersports Business includes $6.3M Waterfront Properties,https://www.bizbuysell.com/business-opportunity/marina-and-powersports-business-includes-6-3m-waterfront-properties/2419048/,"Northern Ontario, ON",9500000.0,408000.0,
Monster Mini Golf,/franchise-for-sale/monster-mini-golf/,Available in Multiple Locations,400000.0,,
"SBA Approved, Highly Profitable Liquor Store Main Ave in NW DC!!!",https://www.bizbuysell.com/business-opportunity/sba-approved-highly-profitable-liquor-store-main-ave-in-nw-dc/2419575/,"District of Columbia, DC",550000.0,151011.0,
"Specialized Virtual Firm Serving TV, Film & Content Creators",https://www.bizbuysell.com/business-opportunity/specialized-virtual-firm-serving-tv-film-and-content-creators/2419562/,Minnesota,800000.0,,
Turnkey Restaurant Opportunity in Baldwin Park,https://www.bizbuysell.com/business-opportunity/turnkey-restaurant-opportunity-in-baldwin-park/2419551/,"Orlando, FL",,126000.0,
Very Urgent Sale-Willing to sell for inventory value-No Goodwill,https://www.bizbuysell.com/business-opportunity/very-urgent-sale-willing-to-sell-for-inventory-value-no-goodwill/2419548/,"Oakland County, MI",600000.0,,
"$463k High Net, Card Laundromat In Prime Location For Sale",https://www.bizbuysell.com/business-opportunity/463k-high-net-card-laundromat-in-prime-location-for-sale/2419547/,"Bronx County, NY",2999999.0,463500.0,
High-End Dog Training & Pet Gym Franchise Opportunity - Los Angeles Co,https://www.bizbuysell.com/business-opportunity/high-end-dog-training-and-pet-gym-franchise-opportunity-los-angeles-co/2419540/,"Woodland Hills, CA",274999.0,66540.0,
"High Volume Gas Station with Property in Indianola, MS!",https://www.bizbuysell.com/business-opportunity/high-volume-gas-station-with-property-in-indianola-ms/2419534/,"Indianola, MS",1499000.0,252000.0,
Established Surplus Retail & Supply Business with Real Estate,https://www.bizbuysell.com/business-opportunity/established-surplus-retail-and-supply-business-with-real-estate/2419517/,Michigan,,49243.0,
Established Kitchen & Bath Remodeling Business,https://www.bizbuysell.com/business-opportunity/established-kitchen-and-bath-remodeling-business/2419514/,"Saint Louis Park, MN",670597.0,,
Residential Cleaning Services: Predictable Income / Recurring Revenue,https://www.bizbuysell.com/business-opportunity/residential-cleaning-services-predictable-income-recurring-revenue/2419504/,,199900.0,174210.0,
Fleet Clean,/franchise-for-sale/fleet-clean/,Available in Multiple Locations,90000.0,,
Heating- Air Conditioning Business: New Installs and Repairs,https://www.bizbuysell.com/business-opportunity/heating-air-conditioning-business-new-installs-and-repairs/2419503/,,229900.0,646000.0,
(Well Established) Disabled Senior Care Consulting Firm,https://www.bizbuysell.com/business-opportunity/well-established-disabled-senior-care-consulting-firm/2419502/,,159890.0,108790.0,
"Sacramento, CA Plastic Surgery Clinic for Sale",https://www.bizbuysell.com/business-opportunity/sacramento-ca-plastic-surgery-clinic-for-sale/2399354/,"Sacramento, CA",1168755.0,535000.0,100000.0
"Unique, Profitable and Recognized Home Improvement Business",https://www.bizbuysell.com/business-opportunity/unique-profitable-and-recognized-home-improvement-business/2419499/,,100000.0,100000.0,
Profitable Junk Hauling/Demolition Business,https://www.bizbuysell.com/business-opportunity/profitable-junk-hauling-demolition-business/2419492/,,300000.0,165000.0,
Specialty Remodeling Contractor,https://www.bizbuysell.com/business-opportunity/specialty-remodeling-contractor/2419484/,"Reno, NV",375000.0,107131.0,
"San Diego Clinical Lab, 2.4M Gross, 1M Net, Good Contracts",https://www.bizbuysell.com/business-opportunity/san-diego-clinical-lab-2-4m-gross-1m-net-good-contracts/2419480/,"San Diego, CA",2500000.0,1100000.0,
Profitable Liquor Store – Turnkey Operation in Growing Market,https://www.bizbuysell.com/business-opportunity/profitable-liquor-store-turnkey-operation-in-growing-market/2419477/,"Marion County, FL",950000.0,104188.0,
Only Grocery Store in the area,https://www.bizbuysell.com/business-opportunity/only-grocery-store-in-the-area/2419476/,"Oakland, CA",529000.0,,
"Successful, Long Established Full Service Dental Lab in Beautiful CA",https://www.bizbuysell.com/business-opportunity/successful-long-established-full-service-dental-lab-in-beautiful-ca/2419474/,California,2100000.0,546000.0,546000.0
Le Macaron,/franchise-for-sale/le-macaron-food-and-restaurant-franchise/,Available in Multiple Locations,100000.0,,
$5.7M EBIT Software Developer with Nationwide Reach! (4023),https://www.bizbuysell.com/business-opportunity/5-7m-ebit-software-developer-with-nationwide-reach-4023/2419473/,,26000000.0,4800000.0,4431614.0
Brand Name DTLA apparel factory Business Opportunity,https://www.bizbuysell.com/business-opportunity/brand-name-dtla-apparel-factory-business-opportunity/2419471/,"Los Angeles, CA",580000.0,,
Durable Medical Equipment (NO REVENUE/NO BILLING),https://www.bizbuysell.com/business-asset/durable-medical-equipment-no-revenue-no-billing/2418587/,"Dallas County, TX",202000.0,,
$2.8M EBITDA - Immigration Case Tracker App,https://www.bizbuysell.com/business-opportunity/2-8m-ebitda-immigration-case-tracker-app/2419470/,"Kent County, DE",,,1578000.0
Thriving Manufacturing & Distribution Firm #1005,https://www.bizbuysell.com/business-opportunity/thriving-manufacturing-and-distribution-firm-1005/2419468/,"Saint Louis, MO",1300000.0,255445.0,
"Dine In & Relax, Seats over 200 , Can Bring your own Brand",https://www.bizbuysell.com/business-opportunity/dine-in-and-relax-seats-over-200-can-bring-your-own-brand/2419467/,"Schererville, IN",50000.0,158488.0,
"Premium 2,400 sq ft Creative Event, Photostudio  & Wedding Venue",https://www.bizbuysell.com/business-opportunity/premium-2-400-sq-ft-creative-event-photostudio-and-wedding-venue/2419461/,"Chicago, IL",45000.0,,
Residential Contractor,https://www.bizbuysell.com/business-opportunity/residential-contractor/2419451/,"Snohomish County, WA",4300000.0,1419900.0,
Turnkey Asian Noodle & Fusion Restaurant for Sale –,https://www.bizbuysell.com/business-opportunity/turnkey-asian-noodle-and-fusion-restaurant-for-sale/2419444/,"Houston, TX",95000.0,50000.0,24000.0
Senior Care / Disabled Care Consulting Firm In Chicago,https://www.bizbuysell.com/business-opportunity/senior-care-disabled-care-consulting-firm-in-chicago/2419440/,"Chicago, IL",159900.0,108785.0,
WOOPS! Macaron & Corporate Gifting,/franchise-for-sale/woops-macaron-and-corporate-gifting/,Available in Multiple Locations,50000.0,,
Full-Service Moving & Storage Company For Sale In Austin,https://www.bizbuysell.com/business-opportunity/full-service-moving-and-storage-company-for-sale-in-austin/2419439/,"Austin, TX",302000.0,140000.0,
Growing Senior Care Services Business In Nashville,https://www.bizbuysell.com/business-opportunity/growing-senior-care-services-business-in-nashville/2419438/,"Nashville, TN",275000.0,221800.0,
"RCFE, Congregate, ARF, Rehab or Assisted or Living Elder Care Facility",https://www.bizbuysell.com/business-real-estate-for-lease/rcfe-congregate-arf-rehab-or-assisted-or-living-elder-care-facility/2418770/,"Lancaster, CA",,,
"Full-Service Grocery, Deli & Fuel Retail Business with Real Estate",https://www.bizbuysell.com/business-opportunity/full-service-grocery-deli-and-fuel-retail-business-with-real-estate/2419437/,Michigan,2500000.0,,
Beautifully Built Out Wine Bar For Sale,https://www.bizbuysell.com/business-opportunity/beautifully-built-out-wine-bar-for-sale/2419432/,"Westport, CT",395000.0,,
Meineke Car Care Centers,/franchise-for-sale/meineke-car-care-centers-automotive-franchise/,Available in Multiple Locations,110000.0,,
"Vinni's Listing -Turnkey, Absentee, Profitable ARCO ampm & Real Estate",https://www.bizbuysell.com/business-opportunity/vinnis-listing-turnkey-absentee-profitable-arco-ampm-and-real-estate/2419424/,"Phoenix, AZ",4500000.0,306192.0,
Mexican Restaurant - Tacos with Beer & Wine,https://www.bizbuysell.com/business-opportunity/mexican-restaurant-tacos-with-beer-and-wine/2419423/,"Artesia, CA",260000.0,90000.0,
Custom Textile Manufacturing Busines,https://www.bizbuysell.com/business-opportunity/custom-textile-manufacturing-busines/2419420/,"Seattle, WA",375000.0,110000.0,45000.0
Downey Prime Location – Sushi & Teriyaki Restaurant for Sale!,https://www.bizbuysell.com/business-opportunity/downey-prime-location-sushi-and-teriyaki-restaurant-for-sale/2419419/,"Downey, CA",300000.0,146208.0,
Bubble Tea Shop,https://www.bizbuysell.com/business-opportunity/bubble-tea-shop/2419414/,"Rockville, MD",98000.0,,
Profitable B2B Print & Marketing Center with Property,https://www.bizbuysell.com/business-opportunity/profitable-b2b-print-and-marketing-center-with-property/2419412/,"Dallas, TX",1499000.0,,
Nearly 40 Year Established Medical Practice – Prime Location,https://www.bizbuysell.com/business-opportunity/nearly-40-year-established-medical-practice-prime-location/2419410/,"Tarrant County, TX",3650000.0,743000.0,
"$250,000 Investment, Yields $360,000 Annual Return*",https://www.bizbuysell.com/start-up-business/250-000-investment-yields-360-000-annual-return/2419307/,,,,
Vinni's Listing - Turnkey High-Traffic Marathon with Seller Financing!,https://www.bizbuysell.com/business-opportunity/vinnis-listing-turnkey-high-traffic-marathon-with-seller-financing/2419407/,"Glendale, AZ",375000.0,143016.0,
Traditional Burmese Restaurant for Sale near East Los Angeles!,https://www.bizbuysell.com/business-opportunity/traditional-burmese-restaurant-for-sale-near-east-los-angeles/2419402/,"East Los Angeles, CA",249000.0,159084.0,
Growth Coach,/franchise-for-sale/growth-coach/,Available in Multiple Locations,50000.0,,
Turn Key Sandwich Deli in Busy Industrial Park,https://www.bizbuysell.com/business-opportunity/turn-key-sandwich-deli-in-busy-industrial-park/2419397/,"Huntington Beach, CA",69000.0,25000.0,
"Small Animal Hydrotherapy, In-pool Aquatic Massage Practice",https://www.bizbuysell.com/business-opportunity/small-animal-hydrotherapy-in-pool-aquatic-massage-practice/2419393/,"Toledo, OH",289000.0,,
Turn key multi generational established family restaurant,https://www.bizbuysell.com/business-opportunity/turn-key-multi-generational-established-family-restaurant/2419386/,"Ormond Beach, FL",90000.0,,
"Part-time, Home-Based Home Repair Business",https://www.bizbuysell.com/business-opportunity/part-time-home-based-home-repair-business/2419382/,"Augusta, GA",574900.0,260179.0,
Owner-Operator Dream: Thriving Convenience Store with Strong Cash Flow,https://www.bizbuysell.com/business-opportunity/owner-operator-dream-thriving-convenience-store-with-strong-cash-flow/2419376/,"Salem, OR",150000.0,,
"Established, Multi-Unit Health & Wellness Clinics in Phoenix",https://www.bizbuysell.com/business-opportunity/established-multi-unit-health-and-wellness-clinics-in-phoenix/2419372/,"Phoenix, AZ",399000.0,150000.0,
Remote Senior Fitness Licensing Business - Recurring Revenue,https://www.bizbuysell.com/business-opportunity/remote-senior-fitness-licensing-business-recurring-revenue/2419371/,"Maricopa County, AZ",175000.0,95000.0,95000.0
B&W Market ( Check Cashing ) 6 days open store,https://www.bizbuysell.com/business-opportunity/bandw-market-check-cashing-6-days-open-store/2419364/,"Los Angeles, CA",450000.0,240000.0,
Edible Arrangements For Sale in NJ,https://www.bizbuysell.com/business-opportunity/edible-arrangements-for-sale-in-nj/2419363/,New Jersey,249000.0,88000.0,
Five Star Painting,/franchise-for-sale/five-star-painting-home-services-franchise/,Available Nationwide,50000.0,,
"High Volume Gas Station with Property in Livingston, LA!",https://www.bizbuysell.com/business-opportunity/high-volume-gas-station-with-property-in-livingston-la/2419047/,"Livingston, LA",1199000.0,228000.0,
Confidential Aerospace & Defense Manufacturer – ATE/ATS/TPS Systems,https://www.bizbuysell.com/business-opportunity/confidential-aerospace-and-defense-manufacturer-ate-ats-tps-systems/2419043/,"New York, NY",10000000.0,1900000.0,
Gold Standard Car Wash – Fort Myers Area – $2M Gross | $1M Net,https://www.bizbuysell.com/business-opportunity/gold-standard-car-wash-fort-myers-area-2m-gross-1m-net/2419041/,"Fort Myers, FL",9000000.0,1000000.0,
Longtime Profitable Diner in Washington Heights - $350k Net to Own/Op,https://www.bizbuysell.com/business-opportunity/longtime-profitable-diner-in-washington-heights-350k-net-to-own-op/2419039/,"New York, NY",949000.0,352640.0,
Groton Connecticut Owner Operated Tire Shop NET 610k,https://www.bizbuysell.com/business-opportunity/groton-connecticut-owner-operated-tire-shop-net-610k/2419038/,"Groton, CT",1495000.0,610459.0,
Hibachi Restaurant-$1.2M Gross Sales,https://www.bizbuysell.com/business-opportunity/hibachi-restaurant-1-2m-gross-sales/2419037/,"New Haven County, CT",300000.0,,
Well Known UES Corner Location Pizzeria - Gross $2.8MM,https://www.bizbuysell.com/business-opportunity/well-known-ues-corner-location-pizzeria-gross-2-8mm/2419036/,"New York, NY",1200000.0,367000.0,
Fastest Labs Franchises Orlando Fl  – A Turnkey Investment,https://www.bizbuysell.com/business-opportunity/fastest-labs-franchises-orlando-fl-a-turnkey-investment/2419032/,"Orlando, FL",100000.0,,
"Established Mentor, OH Vending Location",https://www.bizbuysell.com/business-opportunity/established-mentor-oh-vending-location/2419030/,"Mentor, OH",60000.0,19200.0,19200.0
Naples Pool Route For Sale! ,https://www.bizbuysell.com/business-opportunity/naples-pool-route-for-sale/2418189/,"Naples, FL",250000.0,100000.0,
Oxi Fresh Carpet Cleaning,/franchise-for-sale/oxi-fresh-carpet-cleaning/,Available in Multiple Locations,40900.0,,
Large childcare center ages 0 to 12,https://www.bizbuysell.com/business-opportunity/large-childcare-center-ages-0-to-12/2417514/,"Hanford, CA",500000.0,,
"Music Shop and Music Lessons Business Gross: $350,000",https://www.bizbuysell.com/business-opportunity/music-shop-and-music-lessons-business-gross-350-000/2417082/,"Monroe County, IN",350000.0,150000.0,100000.0
Indoor Golf Simulation,https://www.bizbuysell.com/business-opportunity/indoor-golf-simulation/2414860/,"Katy, TX",400000.0,,
Small structural engineering company for early career engineer,https://www.bizbuysell.com/business-opportunity/small-structural-engineering-company-for-early-career-engineer/2413412/,"Oakland, CA",250000.0,,
Established Boutique FItness Studio For Sale,https://www.bizbuysell.com/business-opportunity/established-boutique-fitness-studio-for-sale/2181627/,"Kenton County, KY",99000.0,,
Nail salon for sale – successfully operated for 26 years,https://www.bizbuysell.com/business-opportunity/nail-salon-for-sale-successfully-operated-for-26-years/2419012/,"Livingston, NJ",120000.0,36000.0,
ABSENTEE OWNER RUN – Turnkey Beauty Bar in Prime Norwood Location,https://www.bizbuysell.com/business-opportunity/absentee-owner-run-turnkey-beauty-bar-in-prime-norwood-location/2419005/,"Norwood, NJ",150000.0,,
High Profitable Cafe in SW DC - Consistent customer base,https://www.bizbuysell.com/business-opportunity/high-profitable-cafe-in-sw-dc-consistent-customer-base/2418997/,"Washington, DC",329000.0,150000.0,
Established Hawaii's Retail/Wholesale Business,https://www.bizbuysell.com/business-opportunity/established-hawaiis-retail-wholesale-business/2418996/,"Honolulu, HI",,255000.0,255000.0
USA Insulation,/franchise-for-sale/usa-insulation/,Available in Multiple Locations,100000.0,,
Cabinet Company in North Florida with Great Customer Reputation,https://www.bizbuysell.com/business-opportunity/cabinet-company-in-north-florida-with-great-customer-reputation/2418986/,Florida,550000.0,,
Well Established Donut Shop,https://www.bizbuysell.com/business-opportunity/well-established-donut-shop/2418970/,"Mesa, AZ",145000.0,80000.0,
Turnkey Dessert & Coffee Shop in Downtown Tracy,https://www.bizbuysell.com/business-opportunity/turnkey-dessert-and-coffee-shop-in-downtown-tracy/2418964/,"Tracy, CA",190000.0,,
Turnkey Liquor Store Opportunity – North Miami,https://www.bizbuysell.com/business-opportunity/turnkey-liquor-store-opportunity-north-miami/2418957/,"North Miami Beach, FL",2000000.0,,
Fully remodeled 48 Bar with Entertainment License,https://www.bizbuysell.com/business-opportunity/fully-remodeled-48-bar-with-entertainment-license/2418949/,"La Habra, CA",325000.0,,
SG 11186 Texas Fort Worth Weatherford Mobile Home Park,https://www.bizbuysell.com/business-opportunity/sg-11186-texas-fort-worth-weatherford-mobile-home-park/2418928/,"Parker County, TX",823000.0,4000000.0,
Profitable Auto repair Shop – Established 10+ Years – Strong Revenue,https://www.bizbuysell.com/business-opportunity/profitable-auto-repair-shop-established-10-years-strong-revenue/2418915/,"Willow Grove, PA",299999.0,150000.0,110000.0
Turnkey Sushi -Low Overhead – Trained Staff – SBA Loan Eligible,https://www.bizbuysell.com/business-opportunity/turnkey-sushi-low-overhead-trained-staff-sba-loan-eligible/2418913/,"Alpharetta, GA",450000.0,264000.0,
"Automotive Parts Sales, Window Tinting",https://www.bizbuysell.com/business-opportunity/automotive-parts-sales-window-tinting/2418897/,"Mecklenburg County, NC",500000.0,,
Blue Moon Estate Sales,/franchise-for-sale/blue-moon-estate-sales/,Available in Multiple Locations,60000.0,,
SG 11181 Florida Starke Walnut Branded Gas Station,https://www.bizbuysell.com/business-opportunity/sg-11181-florida-starke-walnut-branded-gas-station/2418894/,"Bradford County, FL",1800000.0,330000.0,
Turnkey Personal Training Studio - Prime Downtown Toronto Location,https://www.bizbuysell.com/business-opportunity/turnkey-personal-training-studio-prime-downtown-toronto-location/2418891/,"Toronto, ON",200000.0,,
Highly Rated Tutoring Franchise – Strong Growth Potential Southtowns,https://www.bizbuysell.com/business-opportunity/highly-rated-tutoring-franchise-strong-growth-potential-southtowns/2418866/,"Orchard Park, NY",5000.0,,
Turnkey Cafe Business Opportunity!,https://www.bizbuysell.com/business-opportunity/turnkey-cafe-business-opportunity/2416383/,"Worcester, MA",249999.0,,
Church's Texas Chicken,/franchise-for-sale/churchs-texas-chicken/,Available in Multiple Locations,500000.0,,
Northampton County Vending Machine Business,https://www.bizbuysell.com/business-opportunity/northampton-county-vending-machine-business/2412120/,"Easton, PA",45000.0,20000.0,
"Gas Station for Sale in Fredericksburg, VA",https://www.bizbuysell.com/business-opportunity/gas-station-for-sale-in-fredericksburg-va/2418831/,"Fredericksburg County, VA",199000.0,,
Established Neighborhood Restaurant with Real Property,https://www.bizbuysell.com/business-opportunity/established-neighborhood-restaurant-with-real-property/2418830/,"Portland, OR",1350000.0,,
"Gas Station for Sale in Fredericksburg County, VA.",https://www.bizbuysell.com/business-opportunity/gas-station-for-sale-in-fredericksburg-county-va/2418829/,"Spotsylvania County, VA",899000.0,,
Savannah Established Tax and Accounting Firm with Staff,https://www.bizbuysell.com/business-opportunity/savannah-established-tax-and-accounting-firm-with-staff/2418823/,"Savannah, GA",795000.0,225000.0,
Run the Pizzeria Everyone’s Talking About – Secret Dough & Proven Succ,https://www.bizbuysell.com/business-opportunity/run-the-pizzeria-everyones-talking-about-secret-dough-and-proven-succ/2418818/,"Queens, NY",250000.0,120000.0,850000.0
Restaurant in one of the best locations in DTC,https://www.bizbuysell.com/business-opportunity/restaurant-in-one-of-the-best-locations-in-dtc/2418815/,"Arapahoe County, CO",850000.0,,300000.0
Branded Pizzeria in Busy Shopping Center – BABYLON – $300K Asking,https://www.bizbuysell.com/business-opportunity/branded-pizzeria-in-busy-shopping-center-babylon-300k-asking/2418787/,"Suffolk County, NY",300000.0,125000.0,
"Bagel Store Lehigh Valley, PA For Sale - Netting $250,000",https://www.bizbuysell.com/business-opportunity/bagel-store-lehigh-valley-pa-for-sale-netting-250-000/2418785/,"Easton, PA",535000.0,,
Steri-Clean,/franchise-for-sale/steri-clean/,Available in Multiple Locations,65000.0,,
5-Day Poke Eatery | $100K+ Net Profit | Potential | $180K,https://www.bizbuysell.com/business-opportunity/5-day-poke-eatery-100k-net-profit-potential-180k/2418769/,"Stevenson Ranch, CA",225000.0,101374.0,
Coffee shop-huge potential-great rent and atmosphere,https://www.bizbuysell.com/business-opportunity/coffee-shop-huge-potential-great-rent-and-atmosphere/2418764/,"Alpine, CA",179999.0,,
Established Italian Bar & Grill – Turnkey Restaurant Opportunity,https://www.bizbuysell.com/business-opportunity/established-italian-bar-and-grill-turnkey-restaurant-opportunity/2418761/,"Peterborough, ON",349000.0,,
"FOR SALE: European Restaurant / Café – Mississauga, ON",https://www.bizbuysell.com/business-opportunity/for-sale-european-restaurant-cafe-mississauga-on/2418757/,"Mississauga, ON",749000.0,,250000.0
Turn-Key Chicken and Burger Restaurant in Well Trafficked Area,https://www.bizbuysell.com/business-opportunity/turn-key-chicken-and-burger-restaurant-in-well-trafficked-area/2418744/,"Rego Park, NY",279000.0,195000.0,
Integrative Wellness / Longevity / Regenerative Medicine,https://www.bizbuysell.com/business-opportunity/integrative-wellness-longevity-regenerative-medicine/2418717/,"Tampa, FL",1750000.0,275413.0,175413.0
Residential Cleaning Services (Predictable Income/Recurring Revenue),https://www.bizbuysell.com/business-opportunity/residential-cleaning-services-predictable-income-recurring-revenue/2418708/,"Salt Lake City, LA",199899.0,174210.0,
Well Established Disabled Senior Care Consulting Firm,https://www.bizbuysell.com/business-opportunity/well-established-disabled-senior-care-consulting-firm/2418706/,"Tucson, LA",159900.0,108790.0,
Sales $2.7 Million.  Cash Flow $270K.  Houston Liquor Store,https://www.bizbuysell.com/business-opportunity/sales-2-7-million-cash-flow-270k-houston-liquor-store/2418705/,"Houston, TX",787000.0,270000.0,
The Grounds Guys,/franchise-for-sale/the-groundsguys-home-services-franchise/,Available Nationwide,30000.0,,
Village Roots Deli and Taproom,https://www.bizbuysell.com/business-opportunity/village-roots-deli-and-taproom/2418093/,"Fallbrook, CA",100000.0,,
Turnkey 10-Bed Assisted Living on One Acre in Prime Peoria Location,https://www.bizbuysell.com/business-opportunity/turnkey-10-bed-assisted-living-on-one-acre-in-prime-peoria-location/2417823/,"Peoria, AZ",2300000.0,268000.0,
Established Non-Emergency Medical Transport Company – Idaho,https://www.bizbuysell.com/business-opportunity/established-non-emergency-medical-transport-company-idaho/2402197/,"Boise, ID",410000.0,120000.0,
Used Car Dealership and U-Haul franchise for sale.,https://www.bizbuysell.com/business-opportunity/used-car-dealership-and-u-haul-franchise-for-sale/2409846/,"Houston, TX",500000.0,30000.0,
ENGLISH TEA ROOM ~ Old World Village,https://www.bizbuysell.com/business-opportunity/english-tea-room-old-world-village/2417266/,"Huntington Beach, CA",250000.0,135700.0,
Stand alone building have parking lots,https://www.bizbuysell.com/business-opportunity/stand-alone-building-have-parking-lots/2417187/,"Long Beach, CA",170000.0,,
"Established 22 Years, Very Profitable Pet Franchise",https://www.bizbuysell.com/business-opportunity/established-22-years-very-profitable-pet-franchise/2416742/,"Orange County, FL",400000.0,,120000.0
Highly Rated Tree Removal Business,https://www.bizbuysell.com/business-opportunity/highly-rated-tree-removal-business/2376363/,"Alachua County, FL",100000.0,,
Busy NAPA Auto Parts for sale,https://www.bizbuysell.com/business-opportunity/busy-napa-auto-parts-for-sale/2408122/,"Tahoe City, CA",600000.0,,
Trampoline Park For Sale,https://www.bizbuysell.com/business-opportunity/trampoline-park-for-sale/2419567/,Michigan,1900000.0,,
H&H Bagels,/franchise-for-sale/h-and-h-bagels/,Available Nationwide,500000.0,,
"Pool Service Route Chem Only Modesto, Ca. $12,650 mo recurring rare op",https://www.bizbuysell.com/business-asset/pool-service-route-chem-only-modesto-ca-12-650-mo-recurring-rare-op/2419243/,"Modesto, CA",139150.0,,
Established Tea shop selling all ASSET + location!,https://www.bizbuysell.com/business-asset/established-tea-shop-selling-all-asset-location/2419242/,"San Jose, CA",180000.0,,
Operational Drug Testing Facility,https://www.bizbuysell.com/business-opportunity/operational-drug-testing-facility/2419016/,"Dallas, TX",69000.0,,
Lewellen Grain and Storage,https://www.bizbuysell.com/business-asset/lewellen-grain-and-storage/2419136/,"Lewellen, NE",110000.0,,
Established Golf Bag & Cart e business,https://www.bizbuysell.com/business-asset/established-golf-bag-and-cart-e-business/2337782/,"Saratoga County, NY",99000.0,,
Prime location in Huntington with upscale interior,https://www.bizbuysell.com/business-asset/prime-location-in-huntington-with-upscale-interior/2418887/,"Huntington, NY",200000.0,,
Lean Six Sigma Remote Training Assets For Sale. 2 Complete Courses.,https://www.bizbuysell.com/business-asset/lean-six-sigma-remote-training-assets-for-sale-2-complete-courses/2418883/,"Evesham, NJ",100000.0,,
Type 7 Manufacturing & Distribution Business For Sale,https://www.bizbuysell.com/business-asset/type-7-manufacturing-and-distribution-business-for-sale/2418662/,"San Francisco, CA",350000.0,,
"woodworking facility for sale. Turnkey, start fabricating immediately.",https://www.bizbuysell.com/business-asset/woodworking-facility-for-sale-turnkey-start-fabricating-immediately/2418378/,"Mount Airy, MD",89000.0,,
Convenience Store for Sale ,https://www.bizbuysell.com/business-real-estate-for-sale/convenience-store-for-sale/2419564/,"Radcliff, KY",500000.0,,
"Real Estate Sales, LLC - Flip Cheap Houses",/franchise-for-sale/real-estate-sales-llc-flip-cheap-houses/,Available in Multiple Locations,30000.0,,
Great opportunity to own an Assisted lLiving Facility in the Heart of,https://www.bizbuysell.com/business-real-estate-for-sale/great-opportunity-to-own-an-assisted-lliving-facility-in-the-heart-of/2407212/,"Boerne, TX",1739000.0,,
Move-in Ready Restaurant-Bar-Grill Minutes from Starved Rock!,https://www.bizbuysell.com/business-real-estate-for-sale/move-in-ready-restaurant-bar-grill-minutes-from-starved-rock/2416585/,"Oglesby, IL",290000.0,,
Math Tutoring Service with Excellent Reputation and Staff,https://www.bizbuysell.com/business-opportunity/math-tutoring-service-with-excellent-reputation-and-staff/2418790/,"King County, WA",2600000.0,700000.0,
"HSC-Vacant & Ready – Move-in condition with no build-out delays, ideal",https://www.bizbuysell.com/business-real-estate-for-sale/hsc-vacant-and-ready-move-in-condition-with-no-build-out-delays-ideal/2418778/,"Crivitz, WI",599000.0,,
Commercial/Agricultural Land Auction,https://www.bizbuysell.com/business-real-estate-for-sale/commercial-agricultural-land-auction/2418310/,"Sperry, OK",,,
"Own your own Indoor Golf Center, with Stingers Golf Club",https://www.bizbuysell.com/start-up-business/own-your-own-indoor-golf-center-with-stingers-golf-club/2419346/,,,,
Turn-key Bar & Restaurant on Busy Downtown Street,https://www.bizbuysell.com/start-up-business/turn-key-bar-and-restaurant-on-busy-downtown-street/2418463/,,,,
"Bubble Tea, Smoothies, Bowls, Frozen Yogurt & Fruit Tea",https://www.bizbuysell.com/start-up-business/bubble-tea-smoothies-bowls-frozen-yogurt-and-fruit-tea/2378969/,,,,
Luxury Wellness Made Simple: Beem Light Sauna,https://www.bizbuysell.com/start-up-business/luxury-wellness-made-simple-beem-light-sauna/2415008/,,,,
Biomedical Equipment Repair Maintenance Company,https://www.bizbuysell.com/business-opportunity/biomedical-equipment-repair-maintenance-company/2419659/,,,,687047.0
N-Hance,/franchise-for-sale/n-hance/,Available in Multiple Locations,50000.0,,
"Restoration, Wet Cleaning & Seasonal Holiday Lighting Services Company",https://www.bizbuysell.com/business-opportunity/restoration-wet-cleaning-and-seasonal-holiday-lighting-services-company/2419657/,"Bergen County, NJ",1260000.0,348000.0,
"Erie County, New York, Veterinary Practice + Real Estate",https://www.bizbuysell.com/business-opportunity/erie-county-new-york-veterinary-practice-real-estate/2419653/,"Erie County, NY",1150000.0,251203.0,131203.0
South Florida Marina & Resort - 40+ Years Profitable,https://www.bizbuysell.com/business-opportunity/south-florida-marina-and-resort-40-years-profitable/2418748/,"Clewiston, FL",20000000.0,1000000.0,
"Mission Tortilla Route: Nets $199,000+/year",https://www.bizbuysell.com/business-opportunity/mission-tortilla-route-nets-199-000-year/2419650/,"Kings County, NY",489000.0,199610.0,
Established On-Line Retailer,https://www.bizbuysell.com/business-opportunity/established-on-line-retailer/2419642/,"Bismarck, ND",149000.0,,
Lean Kitchen Company,/franchise-for-sale/lean-kitchen-company-food-health-fitness/,Available in Multiple Locations,75000.0,,
"North Shore LI Car Wash $925,000/YR",https://www.bizbuysell.com/business-opportunity/north-shore-li-car-wash-925-000-yr/2419641/,"Suffolk County, NY",2600000.0,400000.0,400000.0
W-I-S-E...S-N-A-C-K.S...Wise Snacks Distribution Route... nets $950/wk,https://www.bizbuysell.com/business-opportunity/w-i-s-e-s-n-a-c-k-s-wise-snacks-distribution-route-nets-950-wk/2419638/,"Passaic County, NJ",69000.0,49400.0,
Insulation Company with Niche in Light Commercial Retrofits,https://www.bizbuysell.com/business-opportunity/insulation-company-with-niche-in-light-commercial-retrofits/2419634/,"Sterling, VA",815000.0,275000.0,
Established Roofing & Exterior Contracting Company – Profitable,https://www.bizbuysell.com/business-opportunity/established-roofing-and-exterior-contracting-company-profitable/2419632/,"Montgomery County, PA",2100000.0,581000.0,
Mobil Auto Detail Business,https://www.bizbuysell.com/business-opportunity/mobil-auto-detail-business/2419631/,"Monmouth County, NJ",155000.0,,
Thriving Real Estate Sign Installation Company - High Growth,https://www.bizbuysell.com/business-opportunity/thriving-real-estate-sign-installation-company-high-growth/2419630/,"Kent County, RI",200000.0,69000.0,
Powersports retail Business,https://www.bizbuysell.com/business-opportunity/powersports-retail-business/2419629/,"Baldwin County, AL",425000.0,143000.0,
Extremely Successful Absentee Breakfast Shop For Sale!,https://www.bizbuysell.com/business-opportunity/extremely-successful-absentee-breakfast-shop-for-sale/2408025/,"Philadelphia, PA",370000.0,210000.0,
Specialized Ice Cream Shop in Prime Winter Park Location,https://www.bizbuysell.com/business-opportunity/specialized-ice-cream-shop-in-prime-winter-park-location/2419627/,"Orange County, FL",200000.0,,
Spinnaker Restaurant - Business & Real Estate For Sale,https://www.bizbuysell.com/business-opportunity/spinnaker-restaurant-business-and-real-estate-for-sale/2419623/,"Brewster, MA",1200000.0,,
Success on the Spectrum,/franchise-for-sale/success-on-the-spectrum/,Available in Multiple Locations,100000.0,,
75 Year Established Italian Specialty Store And Deli,https://www.bizbuysell.com/business-opportunity/75-year-established-italian-specialty-store-and-deli/2419609/,"Westchester County, NY",1100000.0,300000.0,
Bathroom and Interior Remodeling Business,https://www.bizbuysell.com/business-opportunity/bathroom-and-interior-remodeling-business/2419606/,"Saint Louis, MO",225000.0,87775.0,
Fresh-Cooked Catering You Can Trust,https://www.bizbuysell.com/business-opportunity/fresh-cooked-catering-you-can-trust/2419603/,"Palm Beach County, FL",195000.0,102360.0,
Salon Spa,https://www.bizbuysell.com/business-opportunity/salon-spa/2419598/,"Oakland County, MI",174900.0,,
Popular St. Louis Restaurant and Bar w/ RE,https://www.bizbuysell.com/business-opportunity/popular-st-louis-restaurant-and-bar-w-re/2419597/,"Saint Louis, MO",3990000.0,268763.0,
"Well-Established, Profitable ENT/Facial Surgery Practice for Sale",https://www.bizbuysell.com/business-opportunity/well-established-profitable-ent-facial-surgery-practice-for-sale/2419595/,"Indian River County, FL",530000.0,140596.0,
Suburban Philadelphia Authentic Italian Cuisine and Pizza Shop,https://www.bizbuysell.com/business-opportunity/suburban-philadelphia-authentic-italian-cuisine-and-pizza-shop/2419594/,"Chester County, PA",395000.0,225000.0,
"Pizzeria / Sandwiches, Calzones",https://www.bizbuysell.com/business-opportunity/pizzeria-sandwiches-calzones/2419583/,"Reading, MA",300000.0,,
Fort Smith Area Tax & Accounting Practice For Sale,https://www.bizbuysell.com/business-opportunity/fort-smith-area-tax-and-accounting-practice-for-sale/2419577/,Arkansas,215000.0,,
Top Rail Fence,/franchise-for-sale/top-rail-fence/,Available in Multiple Locations,50000.0,,
Gateway to Hawaii,https://www.bizbuysell.com/business-opportunity/gateway-to-hawaii/2416247/,"P?Hoa, HI",90000.0,43900.0,
Thriving Auto Body Repair shop and residential rental!,https://www.bizbuysell.com/business-opportunity/thriving-auto-body-repair-shop-and-residential-rental/2416177/,"Lebanon, NJ",1399000.0,,
Profitable High-End Facial Spa Business – 4 Corporate Locations,https://www.bizbuysell.com/business-opportunity/profitable-high-end-facial-spa-business-4-corporate-locations/2418700/,"Los Angeles, CA",4699999.0,,1183000.0
Established Junk Removal Franchise – Prime Territory and Trucks,https://www.bizbuysell.com/business-opportunity/established-junk-removal-franchise-prime-territory-and-trucks/2418682/,"Wakefield, MA",149900.0,72724.0,
Well Established Lobster & Seafood Cart,https://www.bizbuysell.com/business-opportunity/well-established-lobster-and-seafood-cart/2418680/,"New Haven County, CT",180000.0,120000.0,
A Full Service Residential Electrical Contracting Firm,https://www.bizbuysell.com/business-opportunity/a-full-service-residential-electrical-contracting-firm/2418646/,"Medfield, MA",1450000.0,177942.0,
Partnership Split.  Liquor Store Turnkey Ready.  Beautiful Facility.,https://www.bizbuysell.com/business-opportunity/partnership-split-liquor-store-turnkey-ready-beautiful-facility/2418626/,"Cypress, TX",200000.0,54000.0,
Turnkey Operating MedSpa Priced for Quick Sale!,https://www.bizbuysell.com/business-opportunity/turnkey-operating-medspa-priced-for-quick-sale/2418614/,"Salt Lake County, UT",222240.0,,
"Leading Tile Sales, Installation & Showroom with Real Estate",https://www.bizbuysell.com/business-opportunity/leading-tile-sales-installation-and-showroom-with-real-estate/2418610/,"Sarasota County, FL",3570000.0,1184023.0,
Cosmetics Studio & School,https://www.bizbuysell.com/business-opportunity/cosmetics-studio-and-school/2418399/,"Clarksville, TN",500000.0,,
Sharkeys Cuts for Kids,/franchise-for-sale/sharkeys-cuts-for-kids-health-beauty-and-fitness-franchise/,Available Nationwide,119995.0,,
Pharmacy for Sale – Prime Gramercy Park Location,https://www.bizbuysell.com/business-opportunity/pharmacy-for-sale-prime-gramercy-park-location/2418337/,"New York County, NY",850000.0,225000.0,
Local Retail Pharmacy in Jamaica Queens Grossing Over 14M,https://www.bizbuysell.com/business-opportunity/local-retail-pharmacy-in-jamaica-queens-grossing-over-14m/2418322/,"Queens County, NY",2250000.0,900000.0,
"18 FedEx Ground Routes - Oceanside, CA - Seller & Vehicle Financing",https://www.bizbuysell.com/business-opportunity/18-fedex-ground-routes-oceanside-ca-seller-and-vehicle-financing/2418280/,"Oceanside, CA",750000.0,348026.0,348026.0
"32 FedEx Ground Routes - Pensacola, FL - Seller & Vehicle Financing",https://www.bizbuysell.com/business-opportunity/32-fedex-ground-routes-pensacola-fl-seller-and-vehicle-financing/2418271/,"Pensacola, HI",1075000.0,639184.0,639184.0
"16 FedEx Ground Routes - Pensacola, FL - Seller & Vehicle Financing",https://www.bizbuysell.com/business-opportunity/16-fedex-ground-routes-pensacola-fl-seller-and-vehicle-financing/2418270/,"Pensacola, HI",525000.0,312138.0,312138.0
AI enabled software ITSM/ITAM with fortune 500 customers,https://www.bizbuysell.com/business-opportunity/ai-enabled-software-itsm-itam-with-fortune-500-customers/2418252/,"San Jose, CA",1000000.0,150000.0,150000.0
Profitable Youth Sports Business – 200+ Active Families!,https://www.bizbuysell.com/business-opportunity/profitable-youth-sports-business-200-active-families/2418227/,"Westmoreland County, PA",149900.0,,
Profitable Car Rental Business – Serving Uber & Lyft Drivers – $615K R,https://www.bizbuysell.com/business-opportunity/profitable-car-rental-business-serving-uber-and-lyft-drivers-615k-r/2418041/,"Santa Monica, CA",1500000.0,111000.0,
Always Best Care Senior Services - Chicago,https://www.bizbuysell.com/business-opportunity/always-best-care-senior-services-chicago/2414121/,"Chicago, IL",60000.0,,
SuperCuts,/franchise-for-sale/supercuts-health-beauty-fitness-franchise/,Available in Multiple Locations,75000.0,,
Mobile fitness & entertainment for children,https://www.bizbuysell.com/business-opportunity/mobile-fitness-and-entertainment-for-children/2417547/,"Norfolk County, MA",125000.0,92000.0,
Turnkey Rock N Roll Sushi Franchise – Prime Location,https://www.bizbuysell.com/business-opportunity/turnkey-rock-n-roll-sushi-franchise-prime-location/2417362/,"Duluth, GA",295000.0,,61481.0
Convenience Store for Sale!,https://www.bizbuysell.com/business-opportunity/convenience-store-for-sale/2416934/,"Pine Bluff, AR",600000.0,,
Turnkey Recreation and Event Services with a Full Bar and Restaurant,https://www.bizbuysell.com/business-opportunity/turnkey-recreation-and-event-services-with-a-full-bar-and-restaurant/2416439/,"Kent County, MI",2478000.0,177000.0,
Top Rated Family-Owned Business for over 13yrs,https://www.bizbuysell.com/business-opportunity/top-rated-family-owned-business-for-over-13yrs/2416241/,"Sparks, NV",500000.0,293192.0,54349.0
Family-Operated Market with Deli and Additional Income Streams,https://www.bizbuysell.com/business-opportunity/family-operated-market-with-deli-and-additional-income-streams/2415914/,"Pinellas County, FL",299000.0,264460.0,
Well Respected OHIO Wine Distributor FOR SALE,https://www.bizbuysell.com/business-opportunity/well-respected-ohio-wine-distributor-for-sale/2415158/,Ohio,435000.0,108738.0,
Established Pack & Ship & Gift Store Duo in Prime Charlotte County Loc,https://www.bizbuysell.com/business-opportunity/established-pack-and-ship-and-gift-store-duo-in-prime-charlotte-county-loc/2415069/,"Charlotte County, FL",771000.0,257811.0,175000.0
Victorville’s #1 Auto Detailing Shop | $350K Inventory Included,https://www.bizbuysell.com/business-opportunity/victorvilles-1-auto-detailing-shop-350k-inventory-included/2414942/,"Victorville, CA",375000.0,,
Spherion Staffing & Recruiting,/franchise-for-sale/spherion-staffing-and-recruiting/,Available Nationwide,350000.0,,
"Makeover Advice Business, Clients from over 70 Countries",https://www.bizbuysell.com/business-opportunity/makeover-advice-business-clients-from-over-70-countries/2413558/,,100000.0,,
Korean BBQ in Koreatown AYCE,https://www.bizbuysell.com/business-opportunity/korean-bbq-in-koreatown-ayce/2365911/,"Los Angeles, CA",299000.0,,
Turnkey Transportation & Warehousing Company,https://www.bizbuysell.com/business-opportunity/turnkey-transportation-and-warehousing-company/2412813/,"Suffolk County, NY",2000000.0,157279.0,
Established Residential / Commercial Property Inspection Company,https://www.bizbuysell.com/business-opportunity/established-residential-commercial-property-inspection-company/2403062/,"Brandon, MS",594813.0,198271.0,
Pinch A Penny,/franchise-for-sale/pinch-a-penny/,Available in Multiple Locations,150000.0,,
Dry Cleaners in Vallejo for sale!,https://www.bizbuysell.com/business-opportunity/dry-cleaners-in-vallejo-for-sale/2399619/,"Vallejo, CA",329000.0,,
"Dry Cleaners for sale in Livermore, CA",https://www.bizbuysell.com/business-opportunity/dry-cleaners-for-sale-in-livermore-ca/2368133/,"Livermore, CA",349000.0,174000.0,
"Cultivation, Manufacturing & Zoned For Delivery Business For Sale",https://www.bizbuysell.com/business-asset/cultivation-manufacturing-and-zoned-for-delivery-business-for-sale/2419429/,"Panorama City, CA",599000.0,,
Built Out Cultivation Business For Sale,https://www.bizbuysell.com/business-asset/built-out-cultivation-business-for-sale/2419425/,"Cathedral City, CA",599000.0,,
2 StretchLab Territories for Sale – Double the Opportunity,https://www.bizbuysell.com/business-asset/2-stretchlab-territories-for-sale-double-the-opportunity/2419421/,"Cobb County, GA",55000.0,,
High-traffic area luxury food hall Donut& Ice Cream Shop in Stanton,https://www.bizbuysell.com/business-asset/high-traffic-area-luxury-food-hall-donutand-ice-cream-shop-in-stanton/2419309/,"Stanton, CA",95000.0,,
Fully Equipped Restaurant – No Build-Out Needed!,https://www.bizbuysell.com/business-asset/fully-equipped-restaurant-no-build-out-needed/2419211/,"Orange County, CA",89000.0,,
Med Spa Asset Sale,https://www.bizbuysell.com/business-asset/med-spa-asset-sale/2419192/,"Manatee County, FL",649000.0,,
Turnkey Supermarket In Brooklyn For Sale,https://www.bizbuysell.com/business-asset/turnkey-supermarket-in-brooklyn-for-sale/2419162/,"Brooklyn, NY",170000.0,,
Wise Coatings,/franchise-for-sale/wise-coatings/,Available in Multiple Locations,50000.0,,
"Nevada Cultivation Licenses – CE ID C16 , RC162",https://www.bizbuysell.com/business-asset/nevada-cultivation-licenses-ce-id-c16-rc162/2419078/,"North Las Vegas, NV",100000.0,,
Successful Wing&Burger Spot! Pizzeria! Works great,https://www.bizbuysell.com/business-asset/successful-wingandburger-spot-pizzeria-works-great/2404495/,"Hickory Hills, IL",71000.0,,
Turn-Key Restaurant Asset Sale with ABC License. SF Mission-Bernal.,https://www.bizbuysell.com/business-asset/turn-key-restaurant-asset-sale-with-abc-license-sf-mission-bernal/2256088/,"San Francisco, CA",289500.0,,
"Established Skin, Body and Wellness Studio – Prime Location",https://www.bizbuysell.com/business-asset/established-skin-body-and-wellness-studio-prime-location/2418973/,"Contra Costa County, CA",168000.0,,
"Turnkey Business- Ready for a coffee ,boba, juice, tea shop",https://www.bizbuysell.com/business-asset/turnkey-business-ready-for-a-coffee-boba-juice-tea-shop/2409909/,"Suisun City, CA",30000.0,,
Ready-to-Serve 2020 Freightliner Food Truck | Diesel | Pro-Fire |,https://www.bizbuysell.com/business-asset/ready-to-serve-2020-freightliner-food-truck-diesel-pro-fire/2416498/,"Mecklenburg County, NC",96800.0,,
Very Profitable - Branded- New Tanks and Pumps,https://www.bizbuysell.com/business-real-estate-for-sale/very-profitable-branded-new-tanks-and-pumps/2419616/,"Delaware County, IN",1350000.0,,
Established Profitable Business,https://www.bizbuysell.com/business-real-estate-for-lease/established-profitable-business/2419396/,"Pomona, CA",,,
2 acres PRIME Commercial PUD-zoned Land near 1 95,https://www.bizbuysell.com/business-real-estate-for-sale/2-acres-prime-commercial-pud-zoned-land-near-1-95/2419228/,"Elkton, FL",1795000.0,,
Maid Right,/franchise-for-sale/maid-right/,Available in Multiple Locations,50000.0,,
Full-Service Print & Marketing Franchise – Turnkey & Scalable,https://www.bizbuysell.com/business-opportunity/full-service-print-and-marketing-franchise-turnkey-and-scalable/2419295/,"Essex County, NJ",2999999.0,973000.0,
Very profitable storage business for sale,https://www.bizbuysell.com/business-opportunity/very-profitable-storage-business-for-sale/2416651/,"High River, AB",4500000.0,,
High Auality Educational Platform,https://www.bizbuysell.com/business-opportunity/high-auality-educational-platform/2419405/,"Harris County, TX",1400000.0,689000.0,
"Pub Business Only for Sale – $250,000 | Long-Term Lease Available",https://www.bizbuysell.com/business-opportunity/pub-business-only-for-sale-250-000-long-term-lease-available/2419395/,"Farmingdale, ME",250000.0,,
Chicago Landmark Redevelopment Opportunity,https://www.bizbuysell.com/business-auction/chicago-landmark-redevelopment-opportunity/36646949/,"Chicago, IL",500000.0,,
"Cellphone/Computer Repair/Device Sales Shop- HEART OF HOUSTON, TX",https://www.bizbuysell.com/business-opportunity/cellphone-computer-repair-device-sales-shop-heart-of-houston-tx/2419289/,"Houston, TX",750000.0,,
7 Years Open and Operating- Home Services Franchise Resale,https://www.bizbuysell.com/business-opportunity/7-years-open-and-operating-home-services-franchise-resale/2419200/,"Wilmington, NC",1200000.0,342332.0,
Profitable Amazon FBA Business | Recession-Proof Essentials,https://www.bizbuysell.com/business-opportunity/profitable-amazon-fba-business-recession-proof-essentials/2419108/,"New York, NY",129500.0,111234.0,111234.0
E-Commerce For Pond Products,https://www.bizbuysell.com/business-opportunity/e-commerce-for-pond-products/2419034/,Wisconsin,95000.0,20000.0,
Noble Locksmith,/franchise-for-sale/noble-locksmith/,Available Nationwide,105000.0,,
Sanitation Business for Sale in New York,https://www.bizbuysell.com/business-opportunity/sanitation-business-for-sale-in-new-york/2419628/,"New York County, NY",1400000.0,325000.0,
*Turnaround* Metal Assembly Company,https://www.bizbuysell.com/business-opportunity/turnaround-metal-assembly-company/2419624/,Ohio,,379615.0,
City Lifestyle,/franchise-for-sale/city-lifestyle/,Available Nationwide,30000.0,,
Established Pizzeria for Sale in New Jersey,https://www.bizbuysell.com/business-opportunity/established-pizzeria-for-sale-in-new-jersey/2419617/,"Hunterdon County, NJ",325000.0,115000.0,
Hip Wine Bar for Sale in Hot Market-Keep or Create Your Concept!,https://www.bizbuysell.com/business-opportunity/hip-wine-bar-for-sale-in-hot-market-keep-or-create-your-concept/2419612/,"Fort Smith, AR",180000.0,253000.0,
"Packing, Shipping, & Printing Services Business",https://www.bizbuysell.com/business-opportunity/packing-shipping-and-printing-services-business/2419601/,"Nassau County, NY",280000.0,80000.0,
"REDUCED! Profitable Franchise Restaurant For Sale in Windermere, FL!",https://www.bizbuysell.com/business-opportunity/reduced-profitable-franchise-restaurant-for-sale-in-windermere-fl/2419596/,"Windermere, FL",385000.0,150788.0,
Profitable $2M Revenue HVAC Company with $500K SDE – Retiring Owner,https://www.bizbuysell.com/business-opportunity/profitable-2m-revenue-hvac-company-with-500k-sde-retiring-owner/2419582/,"Hunterdon County, NJ",2050000.0,500000.0,400000.0
Pizza Shop for Sale in Rhode Island,https://www.bizbuysell.com/business-opportunity/pizza-shop-for-sale-in-rhode-island/2419572/,"Providence County, RI",125000.0,55000.0,
Flooring and Carpet Business - 11065 **Lender Pre-Qualified**,https://www.bizbuysell.com/business-opportunity/flooring-and-carpet-business-11065-lender-pre-qualified/2419571/,"Volusia County, FL",1800000.0,530453.0,
Solid Roots. Big Potential. Tarrant County Business for the Taking!,https://www.bizbuysell.com/business-opportunity/solid-roots-big-potential-tarrant-county-business-for-the-taking/2419563/,"Fort Worth, TX",119000.0,63039.0,
Convenience Store for Sale in New York,https://www.bizbuysell.com/business-opportunity/convenience-store-for-sale-in-new-york/2419558/,"Suffolk County, NY",290000.0,100000.0,
Tap Into The $24.35B Skin Care/Beauty Market!,https://www.bizbuysell.com/business-opportunity/tap-into-the-24-35b-skin-care-beauty-market/2419555/,"Howard County, MD",350000.0,100000.0,
Zoomin Groomin,/franchise-for-sale/zoomin-groomin/,Available in Multiple Locations,49999.0,,
"Flowers Bread Route, Murfreesboro, TN",https://www.bizbuysell.com/business-opportunity/flowers-bread-route-murfreesboro-tn/2419552/,"Murfreesboro, TN",215000.0,159276.0,159276.0
Franchise Pizzeria With 19 Years In Business,https://www.bizbuysell.com/business-opportunity/franchise-pizzeria-with-19-years-in-business/2419550/,"Pearland, TX",295000.0,,
Marvelous Gas and Convenience Store,https://www.bizbuysell.com/business-opportunity/marvelous-gas-and-convenience-store/2419549/,"New Haven County, CT",249000.0,98000.0,
Restaurant & Bar for Sale in North Carolina,https://www.bizbuysell.com/business-opportunity/restaurant-and-bar-for-sale-in-north-carolina/2419544/,"Wake County, NC",660000.0,205000.0,
Attn Boat Lovers: Est. 16-Year-Old Marine Supply,https://www.bizbuysell.com/business-opportunity/attn-boat-lovers-est-16-year-old-marine-supply/2419541/,"Nassau County, NY",150000.0,75000.0,
The Designery,/franchise-for-sale/the-designery/,Available in Multiple Locations,100000.0,,
Great Opportunity Deli & Convenience Store,https://www.bizbuysell.com/business-opportunity/great-opportunity-deli-and-convenience-store/2419539/,"New Haven County, CT",150000.0,66281.0,
Bar and Night Club for Sale in Philadelphia County,https://www.bizbuysell.com/business-opportunity/bar-and-night-club-for-sale-in-philadelphia-county/2419535/,"Philadelphia County, PA",1100000.0,250000.0,
"Profitable 27-Year Crab & Seafood Market – Turnkey, Owner Retiring",https://www.bizbuysell.com/business-opportunity/profitable-27-year-crab-and-seafood-market-turnkey-owner-retiring/2419533/,"Forestville, MD",65000.0,75000.0,
Restaurant for Sale in Ballantyne with Turn-Key Kitchen Setup!,https://www.bizbuysell.com/business-opportunity/restaurant-for-sale-in-ballantyne-with-turn-key-kitchen-setup/2419532/,"Charlotte, NC",349000.0,0.0,
"Ballantyne Restaurant for Sale! Turn-Key, Huge Growth Potential!",https://www.bizbuysell.com/business-opportunity/ballantyne-restaurant-for-sale-turn-key-huge-growth-potential/2419531/,"Charlotte, NC",369000.0,0.0,
Profitable Pizza Restaurant for Sale-Daytona Beach Shore,https://www.bizbuysell.com/business-opportunity/profitable-pizza-restaurant-for-sale-daytona-beach-shore/2419530/,"Daytona Beach, FL",550000.0,311217.0,
Turnkey Diner for Sale Full Equipment Package!  Change Concept!,https://www.bizbuysell.com/business-opportunity/turnkey-diner-for-sale-full-equipment-package-change-concept/2419529/,"Providence, RI",125000.0,244.0,
Freestanding Turnkey Restaurant for Sale in Dahlonega!,https://www.bizbuysell.com/business-opportunity/freestanding-turnkey-restaurant-for-sale-in-dahlonega/2419528/,"Dahlonega, GA",118000.0,18000.0,
Ice Cream & Frozen Yogurt Shop for Sale,https://www.bizbuysell.com/business-opportunity/ice-cream-and-frozen-yogurt-shop-for-sale/2419527/,"Burke County, NC",219000.0,90000.0,
Established Manufacturing Company Real Estate and Asset Sale,https://www.bizbuysell.com/business-opportunity/established-manufacturing-company-real-estate-and-asset-sale/2419190/,"Auburn, IN",5950000.0,,
System4,/franchise-for-sale/system4/,Available in Multiple Locations,75000.0,,
Profitable Childcare Center with Real Estate,https://www.bizbuysell.com/business-opportunity/profitable-childcare-center-with-real-estate/2409384/,"Milwaukee County, WI",,,323000.0
The UPS Store Franchise in Burleigh County North Dakota,https://www.bizbuysell.com/business-opportunity/the-ups-store-franchise-in-burleigh-county-north-dakota/2419460/,"Burleigh County, ND",460000.0,205242.0,155242.0
Turnkey High-End Nail Salon [2.5 Yrs],https://www.bizbuysell.com/business-opportunity/turnkey-high-end-nail-salon-2-5-yrs/2419455/,"Naples, FL",93500.0,,
Established Vending Machine Route For Sale,https://www.bizbuysell.com/business-opportunity/established-vending-machine-route-for-sale/2419446/,"Cook County, IL",60000.0,,
"Prime Location Italian Deli doing $20,000 a Wk in Monmouth County,NJ",https://www.bizbuysell.com/business-opportunity/prime-location-italian-deli-doing-20-000-a-wk-in-monmouth-county-nj/2419422/,"Monmouth County, NJ",330000.0,170000.0,
Junk King,/franchise-for-sale/junk-king/,Available Nationwide,50000.0,,
High-Volume Waterfront Restaurant with Boat Docks,https://www.bizbuysell.com/business-opportunity/high-volume-waterfront-restaurant-with-boat-docks/2419388/,"Saint Petersburg, FL",11990000.0,1021699.0,
Well established Indian restaurant for Sale.,https://www.bizbuysell.com/business-opportunity/well-established-indian-restaurant-for-sale/2418983/,"Scottsdale, AZ",350000.0,,
Beloved Longstanding Independent Coffeehouse & Café  - With Property!,https://www.bizbuysell.com/business-opportunity/beloved-longstanding-independent-coffeehouse-and-cafe-with-property/2418828/,"Cook County, IL",699000.0,,
Niche Marketing & Publishing Firm | 30 Years Strong,https://www.bizbuysell.com/business-opportunity/niche-marketing-and-publishing-firm-30-years-strong/2418767/,"Atlanta, GA",115000.0,52360.0,
Cleaning Company with 80% Commercial Clients,https://www.bizbuysell.com/business-opportunity/cleaning-company-with-80-commercial-clients/2418677/,"Gilbert, AZ",225000.0,51050.0,
Scalable Automated Retail Venture in the Health & Wellness Market,https://www.bizbuysell.com/business-opportunity/scalable-automated-retail-venture-in-the-health-and-wellness-market/2418619/,"Cleveland, OH",199500.0,184338.0,
"Most Profitable Teriyaki Restaurant in Washington County, Oregon",https://www.bizbuysell.com/business-opportunity/most-profitable-teriyaki-restaurant-in-washington-county-oregon/2418467/,,750000.0,,
Mental Health clinic,https://www.bizbuysell.com/business-opportunity/mental-health-clinic/2418332/,"Vineland, NJ",400000.0,120000.0,
Remodeling Business Established 18 Years,https://www.bizbuysell.com/business-opportunity/remodeling-business-established-18-years/2416024/,"Shreveport, LA",125000.0,,
Turn key established profitable restaurant in Historic waterfront town,https://www.bizbuysell.com/business-opportunity/turn-key-established-profitable-restaurant-in-historic-waterfront-town/2414650/,"Hertford, NC",975000.0,,
Gelato Craft Espresso and Liquor Bar,https://www.bizbuysell.com/business-opportunity/gelato-craft-espresso-and-liquor-bar/2412742/,"Colorado Springs, CO",49995.0,,
Plumbing Paramedics,/franchise-for-sale/plumbing-paramedics/,Available in Multiple Locations,50000.0,,
Highly Rated and Profitable Dumpster Rental Business,https://www.bizbuysell.com/business-opportunity/highly-rated-and-profitable-dumpster-rental-business/2410307/,"Springfield, IL",800000.0,323598.0,
Granite Fabrication and Design Business,https://www.bizbuysell.com/business-opportunity/granite-fabrication-and-design-business/2409269/,"Cape Coral, FL",200000.0,,
Dental Practice And Building For Sale,https://www.bizbuysell.com/business-opportunity/dental-practice-and-building-for-sale/2409162/,"Levittown, PA",900000.0,200000.0,
"Established Low-Waste, Plant-Based Refill Grocery Store",https://www.bizbuysell.com/business-opportunity/established-low-waste-plant-based-refill-grocery-store/2399043/,"Long Beach, CA",70000.0,,
Tutoring Center Roseville,https://www.bizbuysell.com/business-opportunity/tutoring-center-roseville/2390025/,"Roseville, CA",115000.0,166657.0,
"Chifles Chips Routes, Greater Jacksonville, FL",https://www.bizbuysell.com/business-opportunity/chifles-chips-routes-greater-jacksonville-fl/2418994/,"Jacksonville, FL",165000.0,87880.0,87880.0
"HVAC Franchise in North Texas | Established, High-Demand Service",https://www.bizbuysell.com/business-opportunity/hvac-franchise-in-north-texas-established-high-demand-service/2418992/,"Denton, TX",400000.0,,
Profitable Web3 Marketing Agency,https://www.bizbuysell.com/business-opportunity/profitable-web3-marketing-agency/2418936/,London,1800000.0,1150000.0,436000.0
Own a Piece of History-Established Furniture Store (72 years!),https://www.bizbuysell.com/business-opportunity/own-a-piece-of-history-established-furniture-store-72-years/2418927/,"Morrisonville, IL",200000.0,,
Touching Hearts at Home,/franchise-for-sale/touching-hearts-at-home/,Available in Multiple Locations,75000.0,,
Highest earnings/account in the Denver region for Pepperidge Farm,https://www.bizbuysell.com/business-opportunity/highest-earnings-account-in-the-denver-region-for-pepperidge-farm/2418920/,Colorado,185000.0,132250.0,
Turnkey Profitable Crumbl Cookies for Sale,https://www.bizbuysell.com/business-opportunity/turnkey-profitable-crumbl-cookies-for-sale/2418917/,"Nashua, NH",649999.0,234605.0,146864.0
Decade Old Music Business,https://www.bizbuysell.com/business-opportunity/decade-old-music-business/2418910/,"Larimer County, CO",250000.0,,
Trendy Taco and Tequilla joint on Main St,https://www.bizbuysell.com/business-opportunity/trendy-taco-and-tequilla-joint-on-main-st/2417838/,"Durango, CO",495000.0,,170000.0
"Turnkey Profitable Smoke Shop – Established, High-Traffic Location",https://www.bizbuysell.com/business-opportunity/turnkey-profitable-smoke-shop-established-high-traffic-location/2417035/,"Gallup, NM",200000.0,60000.0,
Mexican restaurant for sale in Springboro at prime location.,https://www.bizbuysell.com/business-opportunity/mexican-restaurant-for-sale-in-springboro-at-prime-location/2389319/,"Springboro, OH",,165000.0,
Established Vape & Smoke Shop Business Opportunity,https://www.bizbuysell.com/business-opportunity/established-vape-and-smoke-shop-business-opportunity/2362670/,"Bryan, OH",65000.0,,
Veterinary practice in beautiful White Mountains of Arizona,https://www.bizbuysell.com/business-opportunity/veterinary-practice-in-beautiful-white-mountains-of-arizona/2345321/,"Heber-Overgaard, AZ",600000.0,,
"Turnkey Chocolate & Confectionery Franchise – Happy Valley, OR",https://www.bizbuysell.com/business-opportunity/turnkey-chocolate-and-confectionery-franchise-happy-valley-or/2418853/,"Damascus, OR",,268053.0,
Martinizing Cleaners,/franchise-for-sale/martinizing-cleaners/,Available in Multiple Locations,60000.0,,
Turnkey Profitable Crumbl Cookies for Sale,https://www.bizbuysell.com/business-opportunity/turnkey-profitable-crumbl-cookies-for-sale/2418793/,"Methuen, MA",1000000.0,302504.0,215796.0
Building Supply & Home Improvement Center (Eastern Washington),https://www.bizbuysell.com/business-opportunity/building-supply-and-home-improvement-center-eastern-washington/2418792/,Washington,2700000.0,675000.0,
"IV Therapy, NAD+, Peptides, Weight Loss & Aesthetics Medspa – Phoenix",https://www.bizbuysell.com/business-opportunity/iv-therapy-nad-peptides-weight-loss-and-aesthetics-medspa-phoenix/2418788/,"Phoenix, AZ",300000.0,,
Boutique Fitness Studio for Sale – Rumble Boxing West Frisco,https://www.bizbuysell.com/business-opportunity/boutique-fitness-studio-for-sale-rumble-boxing-west-frisco/2418779/,"Frisco, TX",450000.0,,
CarePatrol of Lincoln - Best-in-Class Senior Placement Care Agency  -,https://www.bizbuysell.com/business-opportunity/carepatrol-of-lincoln-best-in-class-senior-placement-care-agency/2418772/,"Bellevue, NE",50000.0,,
Southwestern Electrical Contracting Company,https://www.bizbuysell.com/business-opportunity/southwestern-electrical-contracting-company/2418754/,"Bernalillo County, NM",,,1000000.0
Southwest Accredited Makeup and Esthetics Education Institution,https://www.bizbuysell.com/business-opportunity/southwest-accredited-makeup-and-esthetics-education-institution/2418753/,"Tarrant County, TX",,,1026750.0
Southwest Accredited Makeup and Esthetics Education Institution,https://www.bizbuysell.com/business-opportunity/southwest-accredited-makeup-and-esthetics-education-institution/2418739/,"Clark County, NV",,,1026750.0
Profitable Great Homecare Inc-Non Skilled,https://www.bizbuysell.com/business-opportunity/profitable-great-homecare-inc-non-skilled/2418725/,"Batavia, IL",680000.0,,
"8 Unit Orangetheory Resale -Jacksonville, FL.",https://www.bizbuysell.com/business-opportunity/8-unit-orangetheory-resale-jacksonville-fl/2418721/,"Jacksonville, FL",2800000.0,,730000.0
High Income Dry Cleaners in High Income Growing City,https://www.bizbuysell.com/business-opportunity/high-income-dry-cleaners-in-high-income-growing-city/2418719/,"Collin County, TX",800000.0,235068.0,235068.0
High-Volume Deli & Grocery for Sale in the Bronx,https://www.bizbuysell.com/business-opportunity/high-volume-deli-and-grocery-for-sale-in-the-bronx/2417749/,"Bronx, NY",300000.0,,
Growing Real Estate Media Company – Six-Figure Revenue,https://www.bizbuysell.com/business-opportunity/growing-real-estate-media-company-six-figure-revenue/2414784/,"Eugene, OR",141000.0,80716.0,29000.0
Precision Tune Auto Care,/franchise-for-sale/precision-tune-auto-care/,Available in Multiple Locations,100000.0,,
Prime South Congress Restaurant & Coffee Shop — Below-Market Rent,https://www.bizbuysell.com/business-opportunity/prime-south-congress-restaurant-and-coffee-shop-below-market-rent/2414539/,"Austin, TX",1200000.0,,
"Auto Transport Trucking Co, $1M Profit, SBA PreApproved, Semi-Absentee",https://www.bizbuysell.com/business-opportunity/auto-transport-trucking-co-1m-profit-sba-preapproved-semi-absentee/2418697/,"Las Vegas, NV",4750000.0,1000000.0,
Top-Rated Adventure Business in Paradise,https://www.bizbuysell.com/business-opportunity/top-rated-adventure-business-in-paradise/2418654/,"Kahului, HI",800000.0,218000.0,
Full-Service Auto & Marine Detailing & Cosmetic Repair Business,https://www.bizbuysell.com/business-opportunity/full-service-auto-and-marine-detailing-and-cosmetic-repair-business/2418643/,"Kalamazoo County, MI",105000.0,35000.0,
5 FedEx Linehaul Dedicated Run Package with Nice Fleet - Southeast,https://www.bizbuysell.com/business-opportunity/5-fedex-linehaul-dedicated-run-package-with-nice-fleet-southeast/2418565/,,3100000.0,775000.0,
Beautiful and Spacious Barn Wedding Venue in Western Pennsylvania,https://www.bizbuysell.com/business-opportunity/beautiful-and-spacious-barn-wedding-venue-in-western-pennsylvania/2418553/,"New Kensington, PA",2250000.0,,
Established Men’s Wellness Clinic in Prime West Hollywood Location,https://www.bizbuysell.com/business-opportunity/established-mens-wellness-clinic-in-prime-west-hollywood-location/2418186/,"West Hollywood, CA",399000.0,,
Profitable Pizza Takeout Gem,https://www.bizbuysell.com/business-opportunity/profitable-pizza-takeout-gem/2416929/,"Wayland, MI",195000.0,,
Tropical Smoothie Cafe Rockwall,https://www.bizbuysell.com/business-opportunity/tropical-smoothie-cafe-rockwall/2364847/,"Rockwall, TX",650000.0,150000.0,
Exhibit Fabrication Company,https://www.bizbuysell.com/business-opportunity/exhibit-fabrication-company/2419369/,,1500000.0,521201.0,521201.0
Iconic Windmill Cafe,https://www.bizbuysell.com/business-opportunity/iconic-windmill-cafe/2419350/,"Santa Cruz, CA",139000.0,,
Science-Backed Wellness Franchise | Recurring Membership Income ~$300,https://www.bizbuysell.com/business-opportunity/science-backed-wellness-franchise-recurring-membership-income-300/2419341/,"St. Louis County, MO",250000.0,,
Specializes in Underground Utility Services,https://www.bizbuysell.com/business-opportunity/specializes-in-underground-utility-services/2419335/,Texas,,850596.0,850596.0
StretchLab Franchise Bundle – Active + Undeveloped Territories,https://www.bizbuysell.com/business-opportunity/stretchlab-franchise-bundle-active-undeveloped-territories/2419334/,"Olney, MD",240000.0,76000.0,
"3,450sf K-town 8 Years Established Restaurant w/Beer&Wine License",https://www.bizbuysell.com/business-opportunity/3-450sf-k-town-8-years-established-restaurant-w-beerandwine-license/2419323/,"Los Angeles, CA",288000.0,,
"Residential Cleaning Co & Other Services, 65% Recurring Renenue",https://www.bizbuysell.com/business-opportunity/residential-cleaning-co-and-other-services-65-recurring-renenue/2419317/,"Denver, CO",430000.0,177000.0,177000.0
High End Boulder Liquor Store ! 3.4MM in sales! Highest Margins!,https://www.bizbuysell.com/business-opportunity/high-end-boulder-liquor-store-3-4mm-in-sales-highest-margins/2419304/,"Boulder, CO",1500000.0,480750.0,480750.0
Westminster Liquor Store! Great Starter Store Easy to Run.,https://www.bizbuysell.com/business-opportunity/westminster-liquor-store-great-starter-store-easy-to-run/2419296/,"Westminster, CO",350000.0,84427.0,84427.0
"Established Liquor Store with Real Estate, Newer Build!",https://www.bizbuysell.com/business-opportunity/established-liquor-store-with-real-estate-newer-build/2419291/,"Montezuma County, CO",675000.0,286800.0,286800.0
Anchor Bar,/franchise-for-sale/anchor-bar-food-and-restaurant-franchise/,Available Nationwide,350000.0,,
Call For Offers! Littleton Liquor Store. All Offers Will Be Considered,https://www.bizbuysell.com/business-opportunity/call-for-offers-littleton-liquor-store-all-offers-will-be-considered/2419284/,"Littleton, CO",,40650.0,40650.0
Chem-Dry Carpet Cleaning Franchise,https://www.bizbuysell.com/business-opportunity/chem-dry-carpet-cleaning-franchise/2419268/,"Salem, VA",127000.0,75000.0,
Established Auto Repair Shop – Franchise Conversion Ready,https://www.bizbuysell.com/business-opportunity/established-auto-repair-shop-franchise-conversion-ready/2419267/,"Hidalgo County, TX",350000.0,,
Price Reduced Charming Small-Town Restaurant – Turnkey!,https://www.bizbuysell.com/business-opportunity/price-reduced-charming-small-town-restaurant-turnkey/2419263/,"Washtenaw County, MI",129999.0,,
"Chan's Fine Oriental Dining, Home of Eggs Rolls, Blues, and Jazz",https://www.bizbuysell.com/business-opportunity/chans-fine-oriental-dining-home-of-eggs-rolls-blues-and-jazz/2419262/,"Woonsocket, RI",500000.0,,
Burgeoning Full Service Event and Meeting Planning Business,https://www.bizbuysell.com/business-opportunity/burgeoning-full-service-event-and-meeting-planning-business/2419258/,Florida,799000.0,314000.0,
Incredible Opportunity for Developers & Equity Partner,https://www.bizbuysell.com/business-opportunity/incredible-opportunity-for-developers-and-equity-partner/2419226/,"East Providence, RI",500000.0,,
Vibrant Mexican Restaurant in Prime Brooklyn Location,https://www.bizbuysell.com/business-opportunity/vibrant-mexican-restaurant-in-prime-brooklyn-location/2419206/,"Brooklyn, NY",425000.0,,
Profitable Central Ohio Roofing and Siding Business,https://www.bizbuysell.com/business-opportunity/profitable-central-ohio-roofing-and-siding-business/2419205/,"Columbus, OH",450000.0,188060.0,188000.0
Buona Restaurants,/franchise-for-sale/buona-restaurants/,Available in Multiple Locations,300000.0,,
Local lumber yard provides great lifestyle & income.,https://www.bizbuysell.com/business-opportunity/local-lumber-yard-provides-great-lifestyle-and-income/2419188/,Vermont,2100000.0,340000.0,
Priced At Discount - The Brow Effect Salon,https://www.bizbuysell.com/business-opportunity/priced-at-discount-the-brow-effect-salon/2419183/,"Fort Lauderdale, FL",350000.0,200000.0,200000.0
"Prime-General Public Works Contractor, $14.5M Sales, $1.26M DE",https://www.bizbuysell.com/business-opportunity/prime-general-public-works-contractor-14-5m-sales-1-26m-de/2419182/,"Los Angeles County, CA",3600000.0,1262831.0,1112831.0
"Turnkey Opportunity: Step Into a Thriving, Community-Trusted Stationer",https://www.bizbuysell.com/business-opportunity/turnkey-opportunity-step-into-a-thriving-community-trusted-stationer/2419177/,"Hillsborough County, NH",100000.0,78000.0,
"Delicious, Mouthwatering Delis Fairfax, VA Asking Price: $1,000,000",https://www.bizbuysell.com/business-opportunity/delicious-mouthwatering-delis-fairfax-va-asking-price-1-000-000/2419174/,"Annandale, VA",1000000.0,245000.0,
Successful Fastener and Tool Distributor 25 year history,https://www.bizbuysell.com/business-opportunity/successful-fastener-and-tool-distributor-25-year-history/2419167/,Tennessee,3600000.0,,630000.0
3051 Instructor-Led Group Fitness Studio,https://www.bizbuysell.com/business-opportunity/3051-instructor-led-group-fitness-studio/2419163/,Wisconsin,1500000.0,429000.0,
35 Year Old Family Owned And Operated,https://www.bizbuysell.com/business-opportunity/35-year-old-family-owned-and-operated/2419160/,"Mount Vernon, NY",1400000.0,,
School Bus Company for Sale in New Jersey,https://www.bizbuysell.com/business-opportunity/school-bus-company-for-sale-in-new-jersey/2419158/,"Essex County, NJ",4000000.0,1500000.0,
The Original Rainbow Cone Ice Cream Shop,/franchise-for-sale/the-original-rainbow-cone-ice-cream-shop/,Available in Multiple Locations,150000.0,,
Established Business Only - This is a Must See School!,https://www.bizbuysell.com/business-opportunity/established-business-only-this-is-a-must-see-school/2419152/,"Volusia County, FL",550000.0,,
Two well established exclusive hair salons and Spa for sale Great OP!,https://www.bizbuysell.com/business-opportunity/two-well-established-exclusive-hair-salons-and-spa-for-sale-great-op/2419144/,"Middlesex County, MA",500000.0,,
Long Time Wholesale Drop Ship Business,https://www.bizbuysell.com/business-opportunity/long-time-wholesale-drop-ship-business/2419140/,New York,700000.0,250000.0,
SBA Pre-Qualified European Style Furniture Brand | 40% YOY Growth,https://www.bizbuysell.com/business-opportunity/sba-pre-qualified-european-style-furniture-brand-40-yoy-growth/2419137/,"Tampa, FL",500000.0,233407.0,233407.0
CoolVu,/franchise-for-sale/coolvu/,Available in Multiple Locations,55000.0,,
Profitable Pizza Restaurant Real Estate for Sale-Daytona Beach Shore,https://www.bizbuysell.com/business-opportunity/profitable-pizza-restaurant-real-estate-for-sale-daytona-beach-shore/2419126/,"Daytona Beach, FL",1100000.0,311217.0,
Specialty Pharmacy for Sale in New Jersey,https://www.bizbuysell.com/business-opportunity/specialty-pharmacy-for-sale-in-new-jersey/2419123/,"Monmouth County, NJ",12000000.0,2000000.0,
Established Dry Cleaners for Sale in New York,https://www.bizbuysell.com/business-opportunity/established-dry-cleaners-for-sale-in-new-york/2419111/,"Westchester County, NY",250000.0,55000.0,
Absentee-Run Smoke Shop with Property,https://www.bizbuysell.com/business-opportunity/absentee-run-smoke-shop-with-property/2419104/,"Hartford County, CT",300000.0,100000.0,
Absentee Auto Repair Shop for Sale,https://www.bizbuysell.com/business-opportunity/absentee-auto-repair-shop-for-sale/2419097/,"Bronx County, NY",300000.0,100000.0,
Real Estate Title Search Business. 95 % absentee. 25 yr 5 star rep,https://www.bizbuysell.com/business-opportunity/real-estate-title-search-business-95-absentee-25-yr-5-star-rep/2419090/,Tennessee,2300000.0,,350000.0
Cabinetry Business for Sale in Southeast Florida #1969,https://www.bizbuysell.com/business-opportunity/cabinetry-business-for-sale-in-southeast-florida-1969/2419080/,Florida,1100000.0,312000.0,
High Volume Pizzeria For Sale in NY,https://www.bizbuysell.com/business-opportunity/high-volume-pizzeria-for-sale-in-ny/2419064/,"Suffolk County, NY",850000.0,320000.0,
Established Pizzeria for Sale in Connecticut,https://www.bizbuysell.com/business-opportunity/established-pizzeria-for-sale-in-connecticut/2419062/,"Hartford County, CT",120000.0,130000.0,
DoodyCalls,/franchise-for-sale/doodycalls/,Available in Multiple Locations,50000.0,,
"Top Automotive Styling Business For Sale in Chicago, Illinois!",https://www.bizbuysell.com/business-opportunity/top-automotive-styling-business-for-sale-in-chicago-illinois/2419061/,"Cook County, IL",50000.0,,
"#1 STEM Education Franchise- Code Ninjas in Franklin, TN",https://www.bizbuysell.com/business-opportunity/1-stem-education-franchise-code-ninjas-in-franklin-tn/2419058/,"Franklin, TN",75000.0,,
Established Pizzeria for Sale in Massachusetts,https://www.bizbuysell.com/business-opportunity/established-pizzeria-for-sale-in-massachusetts/2419057/,"Berkshire County, MA",500000.0,300000.0,
Profitable Tex-Mex franchise Restaurant for Sale! NE Houston Suburb!,https://www.bizbuysell.com/business-opportunity/profitable-tex-mex-franchise-restaurant-for-sale-ne-houston-suburb/2419055/,"Montgomery County, TX",349000.0,116550.0,
Two Gorgeous Mediterranean Quick Serve Restaurants For Sale!,https://www.bizbuysell.com/business-opportunity/two-gorgeous-mediterranean-quick-serve-restaurants-for-sale/2419054/,"Scottsdale, AZ",500000.0,0.0,
Beautiful Quick Serve Mediterranean Restaurant For Sale!,https://www.bizbuysell.com/business-opportunity/beautiful-quick-serve-mediterranean-restaurant-for-sale/2419053/,"Sun City, AZ",250000.0,0.0,
"Cash flowing mall NOI $1,470,000 for sale 700,000 SF 67 AC land",https://www.bizbuysell.com/business-opportunity/cash-flowing-mall-noi-1-470-000-for-sale-700-000-sf-67-ac-land/2419049/,"Houston, TX",18000000.0,1470000.0,
Turnkey Restaurant Opportunity in Baldwin Park,https://www.bizbuysell.com/business-opportunity/turnkey-restaurant-opportunity-in-baldwin-park/2419042/,"Orlando, FL",,126000.0,
Beautiful Large Fully Furnished Salon in busy Brooklyn Neighborhood,https://www.bizbuysell.com/business-opportunity/beautiful-large-fully-furnished-salon-in-busy-brooklyn-neighborhood/2419028/,"Brooklyn, NY",150000.0,,
AAMCO Transmissions,/franchise-for-sale/aamco-transmissions-franchise/,Available in Multiple Locations,90000.0,,
